CPU Reset (CPU 0)
EAX=00000000 EBX=00000000 ECX=00000000 EDX=00060fb1
ESI=00000000 EDI=00000000 EBP=00000000 ESP=00000000
EIP=0000fff0 EFL=00000002 [-------] CPL=0 II=0 A20=1 SMM=0 HLT=0
ES =0000 00000000 0000ffff 00009300
CS =f000 ffff0000 0000ffff 00009b00
SS =0000 00000000 0000ffff 00009300
DS =0000 00000000 0000ffff 00009300
FS =0000 00000000 0000ffff 00009300
GS =0000 00000000 0000ffff 00009300
LDT=0000 00000000 0000ffff 00008200
TR =0000 00000000 0000ffff 00008b00
GDT=     00000000 0000ffff
IDT=     00000000 0000ffff
CR0=60000010 CR2=00000000 CR3=00000000 CR4=00000000
DR0=0000000000000000 DR1=0000000000000000 DR2=0000000000000000 DR3=0000000000000000 
DR6=00000000ffff0ff0 DR7=0000000000000400
CCS=00000000 CCD=00000000 CCO=EFLAGS
EFER=0000000000000000
FCW=037f FSW=0000 [ST=0] FTW=00 MXCSR=00001f80
FPR0=0000000000000000 0000 FPR1=0000000000000000 0000
FPR2=0000000000000000 0000 FPR3=0000000000000000 0000
FPR4=0000000000000000 0000 FPR5=0000000000000000 0000
FPR6=0000000000000000 0000 FPR7=0000000000000000 0000
XMM00=0000000000000000 0000000000000000 XMM01=0000000000000000 0000000000000000
XMM02=0000000000000000 0000000000000000 XMM03=0000000000000000 0000000000000000
XMM04=0000000000000000 0000000000000000 XMM05=0000000000000000 0000000000000000
XMM06=0000000000000000 0000000000000000 XMM07=0000000000000000 0000000000000000
CPU Reset (CPU 0)
EAX=00000000 EBX=00000000 ECX=00000000 EDX=00060fb1
ESI=00000000 EDI=00000000 EBP=00000000 ESP=00000000
EIP=0000fff0 EFL=00000002 [-------] CPL=0 II=0 A20=1 SMM=0 HLT=0
ES =0000 00000000 0000ffff 00009300
CS =f000 ffff0000 0000ffff 00009b00
SS =0000 00000000 0000ffff 00009300
DS =0000 00000000 0000ffff 00009300
FS =0000 00000000 0000ffff 00009300
GS =0000 00000000 0000ffff 00009300
LDT=0000 00000000 0000ffff 00008200
TR =0000 00000000 0000ffff 00008b00
GDT=     00000000 0000ffff
IDT=     00000000 0000ffff
CR0=60000010 CR2=00000000 CR3=00000000 CR4=00000000
DR0=0000000000000000 DR1=0000000000000000 DR2=0000000000000000 DR3=0000000000000000 
DR6=00000000ffff0ff0 DR7=0000000000000400
CCS=00000000 CCD=00000000 CCO=EFLAGS
EFER=0000000000000000
FCW=037f FSW=0000 [ST=0] FTW=00 MXCSR=00001f80
FPR0=0000000000000000 0000 FPR1=0000000000000000 0000
FPR2=0000000000000000 0000 FPR3=0000000000000000 0000
FPR4=0000000000000000 0000 FPR5=0000000000000000 0000
FPR6=0000000000000000 0000 FPR7=0000000000000000 0000
XMM00=0000000000000000 0000000000000000 XMM01=0000000000000000 0000000000000000
XMM02=0000000000000000 0000000000000000 XMM03=0000000000000000 0000000000000000
XMM04=0000000000000000 0000000000000000 XMM05=0000000000000000 0000000000000000
XMM06=0000000000000000 0000000000000000 XMM07=0000000000000000 0000000000000000
Servicing hardware INT=0x20
     0: v=20 e=0000 i=0 cpl=0 IP=0038:000000003f0dac62 pc=000000003f0dac62 SP=0030:000000003fe8c290 env->regs[R_EAX]=0000000000000010
RAX=0000000000000010 RBX=000000003fe8c3d4 RCX=0000000000000010 RDX=000000003fe8c3d4
RSI=0000000000000008 RDI=0000000000000005 RBP=000000003fe8c310 RSP=000000003fe8c290
R8 =000000003f4e7aa8 R9 =000000003eca2b01 R10=000000003ec9be44 R11=8000000000000009
R12=000000c018a00000 R13=0000000000000005 R14=000000003fe8c3d8 R15=000fffffc0000000
RIP=000000003f0dac62 RFL=00000293 [--S-A-C] CPL=0 II=0 A20=1 SMM=0 HLT=0
ES =0030 0000000000000000 ffffffff 00cf9300 DPL=0 DS   [-WA]
CS =0038 0000000000000000 ffffffff 00af9a00 DPL=0 CS64 [-R-]
SS =0030 0000000000000000 ffffffff 00cf9300 DPL=0 DS   [-WA]
DS =0030 0000000000000000 ffffffff 00cf9300 DPL=0 DS   [-WA]
FS =0030 0000000000000000 ffffffff 00cf9300 DPL=0 DS   [-WA]
GS =0030 0000000000000000 ffffffff 00cf9300 DPL=0 DS   [-WA]
LDT=0000 0000000000000000 0000ffff 00008200 DPL=0 LDT
TR =0048 000000003f5db058 00000067 00008900 DPL=0 TSS64-avl
GDT=     000000003f5db000 00000057
IDT=     000000003f0be018 00000fff
CR0=80000033 CR2=0000000000000000 CR3=000000003f801000 CR4=00000660
DR0=0000000000000000 DR1=0000000000000000 DR2=0000000000000000 DR3=0000000000000000 
DR6=00000000ffff0ff0 DR7=0000000000000400
CCS=0000000000000091 CCD=fffffffffffffff2 CCO=EFLAGS
EFER=0000000000000d00
Servicing hardware INT=0x20
     1: v=20 e=0000 i=0 cpl=0 IP=0038:000000003fe9df50 pc=000000003fe9df50 SP=0030:000000003fe8c288 env->regs[R_EAX]=000000003fe9df50
RAX=000000003fe9df50 RBX=000000003f4e7c10 RCX=0000000000000010 RDX=000000003f4e7bcc
RSI=000000003f4e7aa8 RDI=0000000000000000 RBP=000000003fe8c310 RSP=000000003fe8c288
R8 =000000003f4e7aa8 R9 =000000003eca2b01 R10=000000003ec9be44 R11=8000000000000009
R12=0000000000000168 R13=0000000000000007 R14=000000003fe8c3d8 R15=000fffffc0000000
RIP=000000003fe9df50 RFL=00000206 [-----P-] CPL=0 II=0 A20=1 SMM=0 HLT=0
ES =0030 0000000000000000 ffffffff 00cf9300 DPL=0 DS   [-WA]
CS =0038 0000000000000000 ffffffff 00af9a00 DPL=0 CS64 [-R-]
SS =0030 0000000000000000 ffffffff 00cf9300 DPL=0 DS   [-WA]
DS =0030 0000000000000000 ffffffff 00cf9300 DPL=0 DS   [-WA]
FS =0030 0000000000000000 ffffffff 00cf9300 DPL=0 DS   [-WA]
GS =0030 0000000000000000 ffffffff 00cf9300 DPL=0 DS   [-WA]
LDT=0000 0000000000000000 0000ffff 00008200 DPL=0 LDT
TR =0048 000000003f5db058 00000067 00008900 DPL=0 TSS64-avl
GDT=     000000003f5db000 00000057
IDT=     000000003f0be018 00000fff
CR0=80000033 CR2=0000000000000000 CR3=000000003f801000 CR4=00000668
DR0=0000000000000000 DR1=0000000000000000 DR2=0000000000000000 DR3=0000000000000000 
DR6=00000000ffff0ff0 DR7=0000000000000400
CCS=0000000000000004 CCD=000000003fe8c290 CCO=EFLAGS
EFER=0000000000000d00
Servicing hardware INT=0x20
     2: v=20 e=0000 i=0 cpl=0 IP=0038:000000003fe9df50 pc=000000003fe9df50 SP=0030:000000003fe8c288 env->regs[R_EAX]=000000003fe9df50
RAX=000000003fe9df50 RBX=000000003f4e7c08 RCX=0000000000000010 RDX=000000003f4e7bcc
RSI=000000003f4e7aa8 RDI=0000000000000000 RBP=000000003fe8c310 RSP=000000003fe8c288
R8 =000000003f4e7aa8 R9 =000000003eca2b01 R10=000000003ec9be44 R11=8000000000000009
R12=0000000000000160 R13=0000000000000005 R14=000000003fe8c3d8 R15=000fffffc0000000
RIP=000000003fe9df50 RFL=00000206 [-----P-] CPL=0 II=0 A20=1 SMM=0 HLT=0
ES =0030 0000000000000000 ffffffff 00cf9300 DPL=0 DS   [-WA]
CS =0038 0000000000000000 ffffffff 00af9a00 DPL=0 CS64 [-R-]
SS =0030 0000000000000000 ffffffff 00cf9300 DPL=0 DS   [-WA]
DS =0030 0000000000000000 ffffffff 00cf9300 DPL=0 DS   [-WA]
FS =0030 0000000000000000 ffffffff 00cf9300 DPL=0 DS   [-WA]
GS =0030 0000000000000000 ffffffff 00cf9300 DPL=0 DS   [-WA]
LDT=0000 0000000000000000 0000ffff 00008200 DPL=0 LDT
TR =0048 000000003f5db058 00000067 00008900 DPL=0 TSS64-avl
GDT=     000000003f5db000 00000057
IDT=     000000003f0be018 00000fff
CR0=80000033 CR2=0000000000000000 CR3=000000003f801000 CR4=00000668
DR0=0000000000000000 DR1=0000000000000000 DR2=0000000000000000 DR3=0000000000000000 
DR6=00000000ffff0ff0 DR7=0000000000000400
CCS=0000000000000004 CCD=000000003fe8c290 CCO=EFLAGS
EFER=0000000000000d00
Servicing hardware INT=0x20
     3: v=20 e=0000 i=0 cpl=0 IP=0038:000000003fe9df50 pc=000000003fe9df50 SP=0030:000000003fe8c288 env->regs[R_EAX]=000000003fe9df50
RAX=000000003fe9df50 RBX=000000003f4e7c10 RCX=0000000000000010 RDX=000000003f4e7bcc
RSI=000000003f4e7aa8 RDI=0000000000000000 RBP=000000003fe8c310 RSP=000000003fe8c288
R8 =000000003f4e7aa8 R9 =000000003eca2b01 R10=000000003ec9be44 R11=8000000000000009
R12=0000000000000168 R13=0000000000000007 R14=000000003fe8c3d8 R15=000fffffc0000000
RIP=000000003fe9df50 RFL=00000206 [-----P-] CPL=0 II=0 A20=1 SMM=0 HLT=0
ES =0030 0000000000000000 ffffffff 00cf9300 DPL=0 DS   [-WA]
CS =0038 0000000000000000 ffffffff 00af9a00 DPL=0 CS64 [-R-]
SS =0030 0000000000000000 ffffffff 00cf9300 DPL=0 DS   [-WA]
DS =0030 0000000000000000 ffffffff 00cf9300 DPL=0 DS   [-WA]
FS =0030 0000000000000000 ffffffff 00cf9300 DPL=0 DS   [-WA]
GS =0030 0000000000000000 ffffffff 00cf9300 DPL=0 DS   [-WA]
LDT=0000 0000000000000000 0000ffff 00008200 DPL=0 LDT
TR =0048 000000003f5db058 00000067 00008900 DPL=0 TSS64-avl
GDT=     000000003f5db000 00000057
IDT=     000000003f0be018 00000fff
CR0=80000033 CR2=0000000000000000 CR3=000000003f801000 CR4=00000668
DR0=0000000000000000 DR1=0000000000000000 DR2=0000000000000000 DR3=0000000000000000 
DR6=00000000ffff0ff0 DR7=0000000000000400
CCS=0000000000000004 CCD=000000003fe8c290 CCO=EFLAGS
EFER=0000000000000d00
Servicing hardware INT=0x20
     4: v=20 e=0000 i=0 cpl=0 IP=0038:000000003ec8c266 pc=000000003ec8c266 SP=0030:000000003fe8c1c8 env->regs[R_EAX]=000000003ec9bfe0
RAX=000000003ec9bfe0 RBX=0000000000000010 RCX=000000003ec9bfe0 RDX=000000003f4e7bcc
RSI=000000003f4e7aa8 RDI=0000000000000001 RBP=000000003fe8c200 RSP=000000003fe8c1c8
R8 =000000003f4e7aa8 R9 =000000003eca2b01 R10=000000003ec9be44 R11=8000000000000009
R12=0000000000000160 R13=0000000000000005 R14=00000000ffffffff R15=000000003feb1960
RIP=000000003ec8c266 RFL=00000202 [-------] CPL=0 II=0 A20=1 SMM=0 HLT=0
ES =0030 0000000000000000 ffffffff 00cf9300 DPL=0 DS   [-WA]
CS =0038 0000000000000000 ffffffff 00af9a00 DPL=0 CS64 [-R-]
SS =0030 0000000000000000 ffffffff 00cf9300 DPL=0 DS   [-WA]
DS =0030 0000000000000000 ffffffff 00cf9300 DPL=0 DS   [-WA]
FS =0030 0000000000000000 ffffffff 00cf9300 DPL=0 DS   [-WA]
GS =0030 0000000000000000 ffffffff 00cf9300 DPL=0 DS   [-WA]
LDT=0000 0000000000000000 0000ffff 00008200 DPL=0 LDT
TR =0048 000000003f5db058 00000067 00008900 DPL=0 TSS64-avl
GDT=     000000003f5db000 00000057
IDT=     000000003f0be018 00000fff
CR0=80000033 CR2=0000000000000000 CR3=000000003f801000 CR4=00000668
DR0=0000000000000000 DR1=0000000000000000 DR2=0000000000000000 DR3=0000000000000000 
DR6=00000000ffff0ff0 DR7=0000000000000400
CCS=0000000000000000 CCD=000000003fe8c1d0 CCO=EFLAGS
EFER=0000000000000d00
Servicing hardware INT=0x20
     5: v=20 e=0000 i=0 cpl=0 IP=0038:000000003ec8c25e pc=000000003ec8c25e SP=0030:000000003fe8c1c8 env->regs[R_EAX]=000000003ec9bfe0
RAX=000000003ec9bfe0 RBX=0000000000000010 RCX=000000003ec9bfe0 RDX=000000003f4e7bcc
RSI=000000003f4e7aa8 RDI=0000000000000001 RBP=000000003fe8c200 RSP=000000003fe8c1c8
R8 =000000003f4e7aa8 R9 =000000003eca2b01 R10=000000003ec9be44 R11=8000000000000009
R12=0000000000000160 R13=0000000000000005 R14=00000000ffffffff R15=000000003feb1960
RIP=000000003ec8c25e RFL=00000202 [-------] CPL=0 II=0 A20=1 SMM=0 HLT=0
ES =0030 0000000000000000 ffffffff 00cf9300 DPL=0 DS   [-WA]
CS =0038 0000000000000000 ffffffff 00af9a00 DPL=0 CS64 [-R-]
SS =0030 0000000000000000 ffffffff 00cf9300 DPL=0 DS   [-WA]
DS =0030 0000000000000000 ffffffff 00cf9300 DPL=0 DS   [-WA]
FS =0030 0000000000000000 ffffffff 00cf9300 DPL=0 DS   [-WA]
GS =0030 0000000000000000 ffffffff 00cf9300 DPL=0 DS   [-WA]
LDT=0000 0000000000000000 0000ffff 00008200 DPL=0 LDT
TR =0048 000000003f5db058 00000067 00008900 DPL=0 TSS64-avl
GDT=     000000003f5db000 00000057
IDT=     000000003f0be018 00000fff
CR0=80000033 CR2=0000000000000000 CR3=000000003f801000 CR4=00000668
DR0=0000000000000000 DR1=0000000000000000 DR2=0000000000000000 DR3=0000000000000000 
DR6=00000000ffff0ff0 DR7=0000000000000400
CCS=0000000000000000 CCD=000000003fe8c1d0 CCO=EFLAGS
EFER=0000000000000d00
Servicing hardware INT=0x20
     6: v=20 e=0000 i=0 cpl=0 IP=0038:000000003fe9df50 pc=000000003fe9df50 SP=0030:000000003fe8c288 env->regs[R_EAX]=000000003fe9df50
RAX=000000003fe9df50 RBX=000000003f4e7c10 RCX=0000000000000010 RDX=000000003f4e7bcc
RSI=000000003f4e7aa8 RDI=0000000000000000 RBP=000000003fe8c310 RSP=000000003fe8c288
R8 =000000003f4e7aa8 R9 =000000003eca2b01 R10=000000003ec9be44 R11=8000000000000009
R12=0000000000000168 R13=0000000000000007 R14=000000003fe8c3d8 R15=000fffffc0000000
RIP=000000003fe9df50 RFL=00000206 [-----P-] CPL=0 II=0 A20=1 SMM=0 HLT=0
ES =0030 0000000000000000 ffffffff 00cf9300 DPL=0 DS   [-WA]
CS =0038 0000000000000000 ffffffff 00af9a00 DPL=0 CS64 [-R-]
SS =0030 0000000000000000 ffffffff 00cf9300 DPL=0 DS   [-WA]
DS =0030 0000000000000000 ffffffff 00cf9300 DPL=0 DS   [-WA]
FS =0030 0000000000000000 ffffffff 00cf9300 DPL=0 DS   [-WA]
GS =0030 0000000000000000 ffffffff 00cf9300 DPL=0 DS   [-WA]
LDT=0000 0000000000000000 0000ffff 00008200 DPL=0 LDT
TR =0048 000000003f5db058 00000067 00008900 DPL=0 TSS64-avl
GDT=     000000003f5db000 00000057
IDT=     000000003f0be018 00000fff
CR0=80000033 CR2=0000000000000000 CR3=000000003f801000 CR4=00000668
DR0=0000000000000000 DR1=0000000000000000 DR2=0000000000000000 DR3=0000000000000000 
DR6=00000000ffff0ff0 DR7=0000000000000400
CCS=0000000000000004 CCD=000000003fe8c290 CCO=EFLAGS
EFER=0000000000000d00
Servicing hardware INT=0x20
     7: v=20 e=0000 i=0 cpl=0 IP=0038:000000003f0dac62 pc=000000003f0dac62 SP=0030:000000003fe8c290 env->regs[R_EAX]=0000000000000010
RAX=0000000000000010 RBX=000000003fe8c3d4 RCX=0000000000000010 RDX=0000000000000000
RSI=0000000000000008 RDI=0000000000000007 RBP=000000003fe8c310 RSP=000000003fe8c290
R8 =000000003f4e7aa8 R9 =000000003eca2b01 R10=000000003ec9be44 R11=8000000000000009
R12=000000c75a400000 R13=0000000000000007 R14=000000003fe8c3d8 R15=000fffffc0000000
RIP=000000003f0dac62 RFL=00000293 [--S-A-C] CPL=0 II=0 A20=1 SMM=0 HLT=0
ES =0030 0000000000000000 ffffffff 00cf9300 DPL=0 DS   [-WA]
CS =0038 0000000000000000 ffffffff 00af9a00 DPL=0 CS64 [-R-]
SS =0030 0000000000000000 ffffffff 00cf9300 DPL=0 DS   [-WA]
DS =0030 0000000000000000 ffffffff 00cf9300 DPL=0 DS   [-WA]
FS =0030 0000000000000000 ffffffff 00cf9300 DPL=0 DS   [-WA]
GS =0030 0000000000000000 ffffffff 00cf9300 DPL=0 DS   [-WA]
LDT=0000 0000000000000000 0000ffff 00008200 DPL=0 LDT
TR =0048 000000003f5db058 00000067 00008900 DPL=0 TSS64-avl
GDT=     000000003f5db000 00000057
IDT=     000000003f0be018 00000fff
CR0=80000033 CR2=0000000000000000 CR3=000000003f801000 CR4=00000668
DR0=0000000000000000 DR1=0000000000000000 DR2=0000000000000000 DR3=0000000000000000 
DR6=00000000ffff0ff0 DR7=0000000000000400
CCS=0000000000000091 CCD=fffffffffffffff2 CCO=EFLAGS
EFER=0000000000000d00
Servicing hardware INT=0x20
     8: v=20 e=0000 i=0 cpl=0 IP=0038:000000003f0dac62 pc=000000003f0dac62 SP=0030:000000003fe8c290 env->regs[R_EAX]=0000000000000010
RAX=0000000000000010 RBX=000000003fe8c3d4 RCX=0000000000000010 RDX=0000000000000000
RSI=0000000000000008 RDI=0000000000000007 RBP=000000003fe8c310 RSP=000000003fe8c290
R8 =000000003f4e7aa8 R9 =000000003eca2b01 R10=000000003ec9be44 R11=8000000000000009
R12=000000c86e600000 R13=0000000000000007 R14=000000003fe8c3d8 R15=000fffffc0000000
RIP=000000003f0dac62 RFL=00000293 [--S-A-C] CPL=0 II=0 A20=1 SMM=0 HLT=0
ES =0030 0000000000000000 ffffffff 00cf9300 DPL=0 DS   [-WA]
CS =0038 0000000000000000 ffffffff 00af9a00 DPL=0 CS64 [-R-]
SS =0030 0000000000000000 ffffffff 00cf9300 DPL=0 DS   [-WA]
DS =0030 0000000000000000 ffffffff 00cf9300 DPL=0 DS   [-WA]
FS =0030 0000000000000000 ffffffff 00cf9300 DPL=0 DS   [-WA]
GS =0030 0000000000000000 ffffffff 00cf9300 DPL=0 DS   [-WA]
LDT=0000 0000000000000000 0000ffff 00008200 DPL=0 LDT
TR =0048 000000003f5db058 00000067 00008900 DPL=0 TSS64-avl
GDT=     000000003f5db000 00000057
IDT=     000000003f0be018 00000fff
CR0=80000033 CR2=0000000000000000 CR3=000000003f801000 CR4=00000668
DR0=0000000000000000 DR1=0000000000000000 DR2=0000000000000000 DR3=0000000000000000 
DR6=00000000ffff0ff0 DR7=0000000000000400
CCS=0000000000000091 CCD=fffffffffffffff2 CCO=EFLAGS
EFER=0000000000000d00
Servicing hardware INT=0x20
     9: v=20 e=0000 i=0 cpl=0 IP=0038:000000003fe9df50 pc=000000003fe9df50 SP=0030:000000003fe8c288 env->regs[R_EAX]=000000003fe9df50
RAX=000000003fe9df50 RBX=000000003f4e7c10 RCX=0000000000000010 RDX=000000003f4e7bcc
RSI=000000003f4e7aa8 RDI=0000000000000000 RBP=000000003fe8c310 RSP=000000003fe8c288
R8 =000000003f4e7aa8 R9 =000000003eca2b01 R10=000000003ec9be44 R11=8000000000000009
R12=0000000000000168 R13=0000000000000007 R14=000000003fe8c3d8 R15=000fffffc0000000
RIP=000000003fe9df50 RFL=00000206 [-----P-] CPL=0 II=0 A20=1 SMM=0 HLT=0
ES =0030 0000000000000000 ffffffff 00cf9300 DPL=0 DS   [-WA]
CS =0038 0000000000000000 ffffffff 00af9a00 DPL=0 CS64 [-R-]
SS =0030 0000000000000000 ffffffff 00cf9300 DPL=0 DS   [-WA]
DS =0030 0000000000000000 ffffffff 00cf9300 DPL=0 DS   [-WA]
FS =0030 0000000000000000 ffffffff 00cf9300 DPL=0 DS   [-WA]
GS =0030 0000000000000000 ffffffff 00cf9300 DPL=0 DS   [-WA]
LDT=0000 0000000000000000 0000ffff 00008200 DPL=0 LDT
TR =0048 000000003f5db058 00000067 00008900 DPL=0 TSS64-avl
GDT=     000000003f5db000 00000057
IDT=     000000003f0be018 00000fff
CR0=80000033 CR2=0000000000000000 CR3=000000003f801000 CR4=00000668
DR0=0000000000000000 DR1=0000000000000000 DR2=0000000000000000 DR3=0000000000000000 
DR6=00000000ffff0ff0 DR7=0000000000000400
CCS=0000000000000004 CCD=000000003fe8c290 CCO=EFLAGS
EFER=0000000000000d00
Servicing hardware INT=0x20
    10: v=20 e=0000 i=0 cpl=0 IP=0038:000000003fe9e059 pc=000000003fe9e059 SP=0030:000000003fe8c210 env->regs[R_EAX]=0000000000000000
RAX=0000000000000000 RBX=0000000000000010 RCX=0000000000000010 RDX=000000003f4e7bcc
RSI=000000003f4e7aa8 RDI=0000000000000000 RBP=000000003fe8c280 RSP=000000003fe8c210
R8 =000000003f4e7aa8 R9 =000000003eca2b01 R10=000000003ec9be44 R11=8000000000000009
R12=0000000000000168 R13=0000000000000007 R14=00000000ffffffff R15=000000003feb1960
RIP=000000003fe9e059 RFL=00000246 [---Z-P-] CPL=0 II=0 A20=1 SMM=0 HLT=0
ES =0030 0000000000000000 ffffffff 00cf9300 DPL=0 DS   [-WA]
CS =0038 0000000000000000 ffffffff 00af9a00 DPL=0 CS64 [-R-]
SS =0030 0000000000000000 ffffffff 00cf9300 DPL=0 DS   [-WA]
DS =0030 0000000000000000 ffffffff 00cf9300 DPL=0 DS   [-WA]
FS =0030 0000000000000000 ffffffff 00cf9300 DPL=0 DS   [-WA]
GS =0030 0000000000000000 ffffffff 00cf9300 DPL=0 DS   [-WA]
LDT=0000 0000000000000000 0000ffff 00008200 DPL=0 LDT
TR =0048 000000003f5db058 00000067 00008900 DPL=0 TSS64-avl
GDT=     000000003f5db000 00000057
IDT=     000000003f0be018 00000fff
CR0=80000033 CR2=0000000000000000 CR3=000000003f801000 CR4=00000668
DR0=0000000000000000 DR1=0000000000000000 DR2=0000000000000000 DR3=0000000000000000 
DR6=00000000ffff0ff0 DR7=0000000000000400
CCS=0000000000000044 CCD=0000000000000000 CCO=EFLAGS
EFER=0000000000000d00
Servicing hardware INT=0x20
    11: v=20 e=0000 i=0 cpl=0 IP=0038:000000003f0dac62 pc=000000003f0dac62 SP=0030:000000003fe8c290 env->regs[R_EAX]=0000000000000010
RAX=0000000000000010 RBX=000000003fe8c3d4 RCX=0000000000000010 RDX=000000003fe8c3d4
RSI=0000000000000008 RDI=0000000000000005 RBP=000000003fe8c310 RSP=000000003fe8c290
R8 =000000003f4e7aa8 R9 =000000003eca2b01 R10=000000003ec9be44 R11=8000000000000009
R12=000000cb9c800000 R13=0000000000000005 R14=000000003fe8c3d8 R15=000fffffc0000000
RIP=000000003f0dac62 RFL=00000293 [--S-A-C] CPL=0 II=0 A20=1 SMM=0 HLT=0
ES =0030 0000000000000000 ffffffff 00cf9300 DPL=0 DS   [-WA]
CS =0038 0000000000000000 ffffffff 00af9a00 DPL=0 CS64 [-R-]
SS =0030 0000000000000000 ffffffff 00cf9300 DPL=0 DS   [-WA]
DS =0030 0000000000000000 ffffffff 00cf9300 DPL=0 DS   [-WA]
FS =0030 0000000000000000 ffffffff 00cf9300 DPL=0 DS   [-WA]
GS =0030 0000000000000000 ffffffff 00cf9300 DPL=0 DS   [-WA]
LDT=0000 0000000000000000 0000ffff 00008200 DPL=0 LDT
TR =0048 000000003f5db058 00000067 00008900 DPL=0 TSS64-avl
GDT=     000000003f5db000 00000057
IDT=     000000003f0be018 00000fff
CR0=80000033 CR2=0000000000000000 CR3=000000003f801000 CR4=00000668
DR0=0000000000000000 DR1=0000000000000000 DR2=0000000000000000 DR3=0000000000000000 
DR6=00000000ffff0ff0 DR7=0000000000000400
CCS=0000000000000091 CCD=fffffffffffffff2 CCO=EFLAGS
EFER=0000000000000d00
Servicing hardware INT=0x20
    12: v=20 e=0000 i=0 cpl=0 IP=0038:000000003f0dac62 pc=000000003f0dac62 SP=0030:000000003fe8c290 env->regs[R_EAX]=0000000000000010
RAX=0000000000000010 RBX=000000003fe8c3d4 RCX=0000000000000010 RDX=0000000000000000
RSI=0000000000000008 RDI=0000000000000007 RBP=000000003fe8c310 RSP=000000003fe8c290
R8 =000000003f4e7aa8 R9 =000000003eca2b01 R10=000000003ec9be44 R11=8000000000000009
R12=000000ccb3200000 R13=0000000000000007 R14=000000003fe8c3d8 R15=000fffffc0000000
RIP=000000003f0dac62 RFL=00000293 [--S-A-C] CPL=0 II=0 A20=1 SMM=0 HLT=0
ES =0030 0000000000000000 ffffffff 00cf9300 DPL=0 DS   [-WA]
CS =0038 0000000000000000 ffffffff 00af9a00 DPL=0 CS64 [-R-]
SS =0030 0000000000000000 ffffffff 00cf9300 DPL=0 DS   [-WA]
DS =0030 0000000000000000 ffffffff 00cf9300 DPL=0 DS   [-WA]
FS =0030 0000000000000000 ffffffff 00cf9300 DPL=0 DS   [-WA]
GS =0030 0000000000000000 ffffffff 00cf9300 DPL=0 DS   [-WA]
LDT=0000 0000000000000000 0000ffff 00008200 DPL=0 LDT
TR =0048 000000003f5db058 00000067 00008900 DPL=0 TSS64-avl
GDT=     000000003f5db000 00000057
IDT=     000000003f0be018 00000fff
CR0=80000033 CR2=0000000000000000 CR3=000000003f801000 CR4=00000668
DR0=0000000000000000 DR1=0000000000000000 DR2=0000000000000000 DR3=0000000000000000 
DR6=00000000ffff0ff0 DR7=0000000000000400
CCS=0000000000000091 CCD=fffffffffffffff2 CCO=EFLAGS
EFER=0000000000000d00
Servicing hardware INT=0x20
    13: v=20 e=0000 i=0 cpl=0 IP=0038:000000003f0dac62 pc=000000003f0dac62 SP=0030:000000003fe8c290 env->regs[R_EAX]=0000000000000010
RAX=0000000000000010 RBX=000000003fe8c3d4 RCX=0000000000000010 RDX=000000003fe8c3d4
RSI=0000000000000008 RDI=0000000000000005 RBP=000000003fe8c310 RSP=000000003fe8c290
R8 =000000003f4e7aa8 R9 =000000003eca2b01 R10=000000003ec9be44 R11=8000000000000009
R12=000000cdd8400000 R13=0000000000000005 R14=000000003fe8c3d8 R15=000fffffc0000000
RIP=000000003f0dac62 RFL=00000293 [--S-A-C] CPL=0 II=0 A20=1 SMM=0 HLT=0
ES =0030 0000000000000000 ffffffff 00cf9300 DPL=0 DS   [-WA]
CS =0038 0000000000000000 ffffffff 00af9a00 DPL=0 CS64 [-R-]
SS =0030 0000000000000000 ffffffff 00cf9300 DPL=0 DS   [-WA]
DS =0030 0000000000000000 ffffffff 00cf9300 DPL=0 DS   [-WA]
FS =0030 0000000000000000 ffffffff 00cf9300 DPL=0 DS   [-WA]
GS =0030 0000000000000000 ffffffff 00cf9300 DPL=0 DS   [-WA]
LDT=0000 0000000000000000 0000ffff 00008200 DPL=0 LDT
TR =0048 000000003f5db058 00000067 00008900 DPL=0 TSS64-avl
GDT=     000000003f5db000 00000057
IDT=     000000003f0be018 00000fff
CR0=80000033 CR2=0000000000000000 CR3=000000003f801000 CR4=00000668
DR0=0000000000000000 DR1=0000000000000000 DR2=0000000000000000 DR3=0000000000000000 
DR6=00000000ffff0ff0 DR7=0000000000000400
CCS=0000000000000091 CCD=fffffffffffffff2 CCO=EFLAGS
EFER=0000000000000d00
Servicing hardware INT=0x20
    14: v=20 e=0000 i=0 cpl=0 IP=0038:000000003fe9df50 pc=000000003fe9df50 SP=0030:000000003fe8c288 env->regs[R_EAX]=000000003fe9df50
RAX=000000003fe9df50 RBX=000000003f4e7c08 RCX=0000000000000010 RDX=000000003f4e7bcc
RSI=000000003f4e7aa8 RDI=0000000000000000 RBP=000000003fe8c310 RSP=000000003fe8c288
R8 =000000003f4e7aa8 R9 =000000003eca2b01 R10=000000003ec9be44 R11=8000000000000009
R12=0000000000000160 R13=0000000000000005 R14=000000003fe8c3d8 R15=000fffffc0000000
RIP=000000003fe9df50 RFL=00000206 [-----P-] CPL=0 II=0 A20=1 SMM=0 HLT=0
ES =0030 0000000000000000 ffffffff 00cf9300 DPL=0 DS   [-WA]
CS =0038 0000000000000000 ffffffff 00af9a00 DPL=0 CS64 [-R-]
SS =0030 0000000000000000 ffffffff 00cf9300 DPL=0 DS   [-WA]
DS =0030 0000000000000000 ffffffff 00cf9300 DPL=0 DS   [-WA]
FS =0030 0000000000000000 ffffffff 00cf9300 DPL=0 DS   [-WA]
GS =0030 0000000000000000 ffffffff 00cf9300 DPL=0 DS   [-WA]
LDT=0000 0000000000000000 0000ffff 00008200 DPL=0 LDT
TR =0048 000000003f5db058 00000067 00008900 DPL=0 TSS64-avl
GDT=     000000003f5db000 00000057
IDT=     000000003f0be018 00000fff
CR0=80000033 CR2=0000000000000000 CR3=000000003f801000 CR4=00000668
DR0=0000000000000000 DR1=0000000000000000 DR2=0000000000000000 DR3=0000000000000000 
DR6=00000000ffff0ff0 DR7=0000000000000400
CCS=0000000000000004 CCD=000000003fe8c290 CCO=EFLAGS
EFER=0000000000000d00
Servicing hardware INT=0x20
    15: v=20 e=0000 i=0 cpl=0 IP=0038:000000003fe9df50 pc=000000003fe9df50 SP=0030:000000003fe8c288 env->regs[R_EAX]=000000003fe9df50
RAX=000000003fe9df50 RBX=000000003f4e7c08 RCX=0000000000000010 RDX=000000003f4e7bcc
RSI=000000003f4e7aa8 RDI=0000000000000000 RBP=000000003fe8c310 RSP=000000003fe8c288
R8 =000000003f4e7aa8 R9 =000000003eca2b01 R10=000000003ec9be44 R11=8000000000000009
R12=0000000000000160 R13=0000000000000005 R14=000000003fe8c3d8 R15=000fffffc0000000
RIP=000000003fe9df50 RFL=00000206 [-----P-] CPL=0 II=0 A20=1 SMM=0 HLT=0
ES =0030 0000000000000000 ffffffff 00cf9300 DPL=0 DS   [-WA]
CS =0038 0000000000000000 ffffffff 00af9a00 DPL=0 CS64 [-R-]
SS =0030 0000000000000000 ffffffff 00cf9300 DPL=0 DS   [-WA]
DS =0030 0000000000000000 ffffffff 00cf9300 DPL=0 DS   [-WA]
FS =0030 0000000000000000 ffffffff 00cf9300 DPL=0 DS   [-WA]
GS =0030 0000000000000000 ffffffff 00cf9300 DPL=0 DS   [-WA]
LDT=0000 0000000000000000 0000ffff 00008200 DPL=0 LDT
TR =0048 000000003f5db058 00000067 00008900 DPL=0 TSS64-avl
GDT=     000000003f5db000 00000057
IDT=     000000003f0be018 00000fff
CR0=80000033 CR2=0000000000000000 CR3=000000003f801000 CR4=00000668
DR0=0000000000000000 DR1=0000000000000000 DR2=0000000000000000 DR3=0000000000000000 
DR6=00000000ffff0ff0 DR7=0000000000000400
CCS=0000000000000004 CCD=000000003fe8c290 CCO=EFLAGS
EFER=0000000000000d00
Servicing hardware INT=0x20
    16: v=20 e=0000 i=0 cpl=0 IP=0038:000000003f0dac62 pc=000000003f0dac62 SP=0030:000000003fe8c290 env->regs[R_EAX]=0000000000000010
RAX=0000000000000010 RBX=000000003fe8c3d4 RCX=0000000000000010 RDX=000000003fe8c3d4
RSI=0000000000000008 RDI=0000000000000005 RBP=000000003fe8c310 RSP=000000003fe8c290
R8 =000000003f4e7aa8 R9 =000000003eca2b01 R10=000000003ec9be44 R11=8000000000000009
R12=000000d0e2200000 R13=0000000000000005 R14=000000003fe8c3d8 R15=000fffffc0000000
RIP=000000003f0dac62 RFL=00000293 [--S-A-C] CPL=0 II=0 A20=1 SMM=0 HLT=0
ES =0030 0000000000000000 ffffffff 00cf9300 DPL=0 DS   [-WA]
CS =0038 0000000000000000 ffffffff 00af9a00 DPL=0 CS64 [-R-]
SS =0030 0000000000000000 ffffffff 00cf9300 DPL=0 DS   [-WA]
DS =0030 0000000000000000 ffffffff 00cf9300 DPL=0 DS   [-WA]
FS =0030 0000000000000000 ffffffff 00cf9300 DPL=0 DS   [-WA]
GS =0030 0000000000000000 ffffffff 00cf9300 DPL=0 DS   [-WA]
LDT=0000 0000000000000000 0000ffff 00008200 DPL=0 LDT
TR =0048 000000003f5db058 00000067 00008900 DPL=0 TSS64-avl
GDT=     000000003f5db000 00000057
IDT=     000000003f0be018 00000fff
CR0=80000033 CR2=0000000000000000 CR3=000000003f801000 CR4=00000668
DR0=0000000000000000 DR1=0000000000000000 DR2=0000000000000000 DR3=0000000000000000 
DR6=00000000ffff0ff0 DR7=0000000000000400
CCS=0000000000000091 CCD=fffffffffffffff2 CCO=EFLAGS
EFER=0000000000000d00
Servicing hardware INT=0x20
    17: v=20 e=0000 i=0 cpl=0 IP=0038:000000003ec8c266 pc=000000003ec8c266 SP=0030:000000003fe8c1c8 env->regs[R_EAX]=000000003ec9bfe0
RAX=000000003ec9bfe0 RBX=0000000000000010 RCX=000000003ec9bfe0 RDX=000000003f4e7bcc
RSI=000000003f4e7aa8 RDI=0000000000000001 RBP=000000003fe8c200 RSP=000000003fe8c1c8
R8 =000000003f4e7aa8 R9 =000000003eca2b01 R10=000000003ec9be44 R11=8000000000000009
R12=0000000000000160 R13=0000000000000005 R14=00000000ffffffff R15=000000003feb1960
RIP=000000003ec8c266 RFL=00000202 [-------] CPL=0 II=0 A20=1 SMM=0 HLT=0
ES =0030 0000000000000000 ffffffff 00cf9300 DPL=0 DS   [-WA]
CS =0038 0000000000000000 ffffffff 00af9a00 DPL=0 CS64 [-R-]
SS =0030 0000000000000000 ffffffff 00cf9300 DPL=0 DS   [-WA]
DS =0030 0000000000000000 ffffffff 00cf9300 DPL=0 DS   [-WA]
FS =0030 0000000000000000 ffffffff 00cf9300 DPL=0 DS   [-WA]
GS =0030 0000000000000000 ffffffff 00cf9300 DPL=0 DS   [-WA]
LDT=0000 0000000000000000 0000ffff 00008200 DPL=0 LDT
TR =0048 000000003f5db058 00000067 00008900 DPL=0 TSS64-avl
GDT=     000000003f5db000 00000057
IDT=     000000003f0be018 00000fff
CR0=80000033 CR2=0000000000000000 CR3=000000003f801000 CR4=00000668
DR0=0000000000000000 DR1=0000000000000000 DR2=0000000000000000 DR3=0000000000000000 
DR6=00000000ffff0ff0 DR7=0000000000000400
CCS=0000000000000000 CCD=000000003fe8c1d0 CCO=EFLAGS
EFER=0000000000000d00
Servicing hardware INT=0x20
    18: v=20 e=0000 i=0 cpl=0 IP=0038:000000003f0dac62 pc=000000003f0dac62 SP=0030:000000003fe8c290 env->regs[R_EAX]=0000000000000010
RAX=0000000000000010 RBX=000000003fe8c3d4 RCX=0000000000000010 RDX=000000003fe8c3d4
RSI=0000000000000008 RDI=0000000000000005 RBP=000000003fe8c310 RSP=000000003fe8c290
R8 =000000003f4e7aa8 R9 =000000003eca2b01 R10=000000003ec9be44 R11=8000000000000009
R12=000000d2cf200000 R13=0000000000000005 R14=000000003fe8c3d8 R15=000fffffc0000000
RIP=000000003f0dac62 RFL=00000293 [--S-A-C] CPL=0 II=0 A20=1 SMM=0 HLT=0
ES =0030 0000000000000000 ffffffff 00cf9300 DPL=0 DS   [-WA]
CS =0038 0000000000000000 ffffffff 00af9a00 DPL=0 CS64 [-R-]
SS =0030 0000000000000000 ffffffff 00cf9300 DPL=0 DS   [-WA]
DS =0030 0000000000000000 ffffffff 00cf9300 DPL=0 DS   [-WA]
FS =0030 0000000000000000 ffffffff 00cf9300 DPL=0 DS   [-WA]
GS =0030 0000000000000000 ffffffff 00cf9300 DPL=0 DS   [-WA]
LDT=0000 0000000000000000 0000ffff 00008200 DPL=0 LDT
TR =0048 000000003f5db058 00000067 00008900 DPL=0 TSS64-avl
GDT=     000000003f5db000 00000057
IDT=     000000003f0be018 00000fff
CR0=80000033 CR2=0000000000000000 CR3=000000003f801000 CR4=00000668
DR0=0000000000000000 DR1=0000000000000000 DR2=0000000000000000 DR3=0000000000000000 
DR6=00000000ffff0ff0 DR7=0000000000000400
CCS=0000000000000091 CCD=fffffffffffffff2 CCO=EFLAGS
EFER=0000000000000d00
Servicing hardware INT=0x20
    19: v=20 e=0000 i=0 cpl=0 IP=0038:000000003f0dac62 pc=000000003f0dac62 SP=0030:000000003fe8c290 env->regs[R_EAX]=0000000000000010
RAX=0000000000000010 RBX=000000003fe8c3d4 RCX=0000000000000010 RDX=000000003fe8c3d4
RSI=0000000000000008 RDI=0000000000000005 RBP=000000003fe8c310 RSP=000000003fe8c290
R8 =000000003f4e7aa8 R9 =000000003eca2b01 R10=000000003ec9be44 R11=8000000000000009
R12=000000d3eac00000 R13=0000000000000005 R14=000000003fe8c3d8 R15=000fffffc0000000
RIP=000000003f0dac62 RFL=00000293 [--S-A-C] CPL=0 II=0 A20=1 SMM=0 HLT=0
ES =0030 0000000000000000 ffffffff 00cf9300 DPL=0 DS   [-WA]
CS =0038 0000000000000000 ffffffff 00af9a00 DPL=0 CS64 [-R-]
SS =0030 0000000000000000 ffffffff 00cf9300 DPL=0 DS   [-WA]
DS =0030 0000000000000000 ffffffff 00cf9300 DPL=0 DS   [-WA]
FS =0030 0000000000000000 ffffffff 00cf9300 DPL=0 DS   [-WA]
GS =0030 0000000000000000 ffffffff 00cf9300 DPL=0 DS   [-WA]
LDT=0000 0000000000000000 0000ffff 00008200 DPL=0 LDT
TR =0048 000000003f5db058 00000067 00008900 DPL=0 TSS64-avl
GDT=     000000003f5db000 00000057
IDT=     000000003f0be018 00000fff
CR0=80000033 CR2=0000000000000000 CR3=000000003f801000 CR4=00000668
DR0=0000000000000000 DR1=0000000000000000 DR2=0000000000000000 DR3=0000000000000000 
DR6=00000000ffff0ff0 DR7=0000000000000400
CCS=0000000000000091 CCD=fffffffffffffff2 CCO=EFLAGS
EFER=0000000000000d00
Servicing hardware INT=0x20
    20: v=20 e=0000 i=0 cpl=0 IP=0038:000000003ec8c4e1 pc=000000003ec8c4e1 SP=0030:000000003fe8c300 env->regs[R_EAX]=000000003f0dc4c0
RAX=000000003f0dc4c0 RBX=000000003fe8c3d4 RCX=0000000000000005 RDX=000000003fe8c3d4
RSI=000000d4cfe00000 RDI=000000003fe8c3d8 RBP=000000003fe8c330 RSP=000000003fe8c300
R8 =000000003f4e7aa8 R9 =000000003eca2b01 R10=000000003ec9be44 R11=8000000000000009
R12=000000d4cfe00000 R13=0000000000000153 R14=000000003fe8c3d8 R15=000fffffc0000000
RIP=000000003ec8c4e1 RFL=00000206 [-----P-] CPL=0 II=0 A20=1 SMM=0 HLT=0
ES =0030 0000000000000000 ffffffff 00cf9300 DPL=0 DS   [-WA]
CS =0038 0000000000000000 ffffffff 00af9a00 DPL=0 CS64 [-R-]
SS =0030 0000000000000000 ffffffff 00cf9300 DPL=0 DS   [-WA]
DS =0030 0000000000000000 ffffffff 00cf9300 DPL=0 DS   [-WA]
FS =0030 0000000000000000 ffffffff 00cf9300 DPL=0 DS   [-WA]
GS =0030 0000000000000000 ffffffff 00cf9300 DPL=0 DS   [-WA]
LDT=0000 0000000000000000 0000ffff 00008200 DPL=0 LDT
TR =0048 000000003f5db058 00000067 00008900 DPL=0 TSS64-avl
GDT=     000000003f5db000 00000057
IDT=     000000003f0be018 00000fff
CR0=80000033 CR2=0000000000000000 CR3=000000003f801000 CR4=00000668
DR0=0000000000000000 DR1=0000000000000000 DR2=0000000000000000 DR3=0000000000000000 
DR6=00000000ffff0ff0 DR7=0000000000000400
CCS=0000000000000004 CCD=000000003f0dc4c0 CCO=EFLAGS
EFER=0000000000000d00
Servicing hardware INT=0x20
    21: v=20 e=0000 i=0 cpl=0 IP=0038:000000003fe9e059 pc=000000003fe9e059 SP=0030:000000003fe8c210 env->regs[R_EAX]=0000000000000000
RAX=0000000000000000 RBX=0000000000000010 RCX=0000000000000010 RDX=000000003f4e7bcc
RSI=000000003f4e7aa8 RDI=0000000000000000 RBP=000000003fe8c280 RSP=000000003fe8c210
R8 =000000003f4e7aa8 R9 =000000003eca2b01 R10=000000003ec9be44 R11=8000000000000009
R12=0000000000000160 R13=0000000000000005 R14=00000000ffffffff R15=000000003feb1960
RIP=000000003fe9e059 RFL=00000246 [---Z-P-] CPL=0 II=0 A20=1 SMM=0 HLT=0
ES =0030 0000000000000000 ffffffff 00cf9300 DPL=0 DS   [-WA]
CS =0038 0000000000000000 ffffffff 00af9a00 DPL=0 CS64 [-R-]
SS =0030 0000000000000000 ffffffff 00cf9300 DPL=0 DS   [-WA]
DS =0030 0000000000000000 ffffffff 00cf9300 DPL=0 DS   [-WA]
FS =0030 0000000000000000 ffffffff 00cf9300 DPL=0 DS   [-WA]
GS =0030 0000000000000000 ffffffff 00cf9300 DPL=0 DS   [-WA]
LDT=0000 0000000000000000 0000ffff 00008200 DPL=0 LDT
TR =0048 000000003f5db058 00000067 00008900 DPL=0 TSS64-avl
GDT=     000000003f5db000 00000057
IDT=     000000003f0be018 00000fff
CR0=80000033 CR2=0000000000000000 CR3=000000003f801000 CR4=00000668
DR0=0000000000000000 DR1=0000000000000000 DR2=0000000000000000 DR3=0000000000000000 
DR6=00000000ffff0ff0 DR7=0000000000000400
CCS=0000000000000044 CCD=0000000000000000 CCO=EFLAGS
EFER=0000000000000d00
Servicing hardware INT=0x20
    22: v=20 e=0000 i=0 cpl=0 IP=0038:000000003fe9df50 pc=000000003fe9df50 SP=0030:000000003fe8c288 env->regs[R_EAX]=000000003fe9df50
RAX=000000003fe9df50 RBX=000000003f4e7c10 RCX=0000000000000010 RDX=000000003f4e7bcc
RSI=000000003f4e7aa8 RDI=0000000000000000 RBP=000000003fe8c310 RSP=000000003fe8c288
R8 =000000003f4e7aa8 R9 =000000003eca2b01 R10=000000003ec9be44 R11=8000000000000009
R12=0000000000000168 R13=0000000000000007 R14=000000003fe8c3d8 R15=000fffffc0000000
RIP=000000003fe9df50 RFL=00000206 [-----P-] CPL=0 II=0 A20=1 SMM=0 HLT=0
ES =0030 0000000000000000 ffffffff 00cf9300 DPL=0 DS   [-WA]
CS =0038 0000000000000000 ffffffff 00af9a00 DPL=0 CS64 [-R-]
SS =0030 0000000000000000 ffffffff 00cf9300 DPL=0 DS   [-WA]
DS =0030 0000000000000000 ffffffff 00cf9300 DPL=0 DS   [-WA]
FS =0030 0000000000000000 ffffffff 00cf9300 DPL=0 DS   [-WA]
GS =0030 0000000000000000 ffffffff 00cf9300 DPL=0 DS   [-WA]
LDT=0000 0000000000000000 0000ffff 00008200 DPL=0 LDT
TR =0048 000000003f5db058 00000067 00008900 DPL=0 TSS64-avl
GDT=     000000003f5db000 00000057
IDT=     000000003f0be018 00000fff
CR0=80000033 CR2=0000000000000000 CR3=000000003f801000 CR4=00000668
DR0=0000000000000000 DR1=0000000000000000 DR2=0000000000000000 DR3=0000000000000000 
DR6=00000000ffff0ff0 DR7=0000000000000400
CCS=0000000000000004 CCD=000000003fe8c290 CCO=EFLAGS
EFER=0000000000000d00
Servicing hardware INT=0x20
    23: v=20 e=0000 i=0 cpl=0 IP=0038:000000003ec8c266 pc=000000003ec8c266 SP=0030:000000003fe8c1c8 env->regs[R_EAX]=000000003ec9bfe0
RAX=000000003ec9bfe0 RBX=0000000000000010 RCX=000000003ec9bfe0 RDX=000000003f4e7bcc
RSI=000000003f4e7aa8 RDI=0000000000000001 RBP=000000003fe8c200 RSP=000000003fe8c1c8
R8 =000000003f4e7aa8 R9 =000000003eca2b01 R10=000000003ec9be44 R11=8000000000000009
R12=0000000000000160 R13=0000000000000005 R14=00000000ffffffff R15=000000003feb1960
RIP=000000003ec8c266 RFL=00000202 [-------] CPL=0 II=0 A20=1 SMM=0 HLT=0
ES =0030 0000000000000000 ffffffff 00cf9300 DPL=0 DS   [-WA]
CS =0038 0000000000000000 ffffffff 00af9a00 DPL=0 CS64 [-R-]
SS =0030 0000000000000000 ffffffff 00cf9300 DPL=0 DS   [-WA]
DS =0030 0000000000000000 ffffffff 00cf9300 DPL=0 DS   [-WA]
FS =0030 0000000000000000 ffffffff 00cf9300 DPL=0 DS   [-WA]
GS =0030 0000000000000000 ffffffff 00cf9300 DPL=0 DS   [-WA]
LDT=0000 0000000000000000 0000ffff 00008200 DPL=0 LDT
TR =0048 000000003f5db058 00000067 00008900 DPL=0 TSS64-avl
GDT=     000000003f5db000 00000057
IDT=     000000003f0be018 00000fff
CR0=80000033 CR2=0000000000000000 CR3=000000003f801000 CR4=00000668
DR0=0000000000000000 DR1=0000000000000000 DR2=0000000000000000 DR3=0000000000000000 
DR6=00000000ffff0ff0 DR7=0000000000000400
CCS=0000000000000000 CCD=000000003fe8c1d0 CCO=EFLAGS
EFER=0000000000000d00
Servicing hardware INT=0x20
    24: v=20 e=0000 i=0 cpl=0 IP=0038:000000003f0dac62 pc=000000003f0dac62 SP=0030:000000003fe8c290 env->regs[R_EAX]=0000000000000010
RAX=0000000000000010 RBX=000000003fe8c3d4 RCX=0000000000000010 RDX=000000003fe8c3d4
RSI=0000000000000008 RDI=0000000000000005 RBP=000000003fe8c310 RSP=000000003fe8c290
R8 =000000003f4e7aa8 R9 =000000003eca2b01 R10=000000003ec9be44 R11=8000000000000009
R12=000000d8efa00000 R13=0000000000000005 R14=000000003fe8c3d8 R15=000fffffc0000000
RIP=000000003f0dac62 RFL=00000293 [--S-A-C] CPL=0 II=0 A20=1 SMM=0 HLT=0
ES =0030 0000000000000000 ffffffff 00cf9300 DPL=0 DS   [-WA]
CS =0038 0000000000000000 ffffffff 00af9a00 DPL=0 CS64 [-R-]
SS =0030 0000000000000000 ffffffff 00cf9300 DPL=0 DS   [-WA]
DS =0030 0000000000000000 ffffffff 00cf9300 DPL=0 DS   [-WA]
FS =0030 0000000000000000 ffffffff 00cf9300 DPL=0 DS   [-WA]
GS =0030 0000000000000000 ffffffff 00cf9300 DPL=0 DS   [-WA]
LDT=0000 0000000000000000 0000ffff 00008200 DPL=0 LDT
TR =0048 000000003f5db058 00000067 00008900 DPL=0 TSS64-avl
GDT=     000000003f5db000 00000057
IDT=     000000003f0be018 00000fff
CR0=80000033 CR2=0000000000000000 CR3=000000003f801000 CR4=00000668
DR0=0000000000000000 DR1=0000000000000000 DR2=0000000000000000 DR3=0000000000000000 
DR6=00000000ffff0ff0 DR7=0000000000000400
CCS=0000000000000091 CCD=fffffffffffffff2 CCO=EFLAGS
EFER=0000000000000d00
Servicing hardware INT=0x20
    25: v=20 e=0000 i=0 cpl=0 IP=0038:000000003f0dac62 pc=000000003f0dac62 SP=0030:000000003fe8c290 env->regs[R_EAX]=0000000000000010
RAX=0000000000000010 RBX=000000003fe8c3d4 RCX=0000000000000010 RDX=0000000000000000
RSI=0000000000000008 RDI=0000000000000007 RBP=000000003fe8c310 RSP=000000003fe8c290
R8 =000000003f4e7aa8 R9 =000000003eca2b01 R10=000000003ec9be44 R11=8000000000000009
R12=000000d9f5c00000 R13=0000000000000007 R14=000000003fe8c3d8 R15=000fffffc0000000
RIP=000000003f0dac62 RFL=00000293 [--S-A-C] CPL=0 II=0 A20=1 SMM=0 HLT=0
ES =0030 0000000000000000 ffffffff 00cf9300 DPL=0 DS   [-WA]
CS =0038 0000000000000000 ffffffff 00af9a00 DPL=0 CS64 [-R-]
SS =0030 0000000000000000 ffffffff 00cf9300 DPL=0 DS   [-WA]
DS =0030 0000000000000000 ffffffff 00cf9300 DPL=0 DS   [-WA]
FS =0030 0000000000000000 ffffffff 00cf9300 DPL=0 DS   [-WA]
GS =0030 0000000000000000 ffffffff 00cf9300 DPL=0 DS   [-WA]
LDT=0000 0000000000000000 0000ffff 00008200 DPL=0 LDT
TR =0048 000000003f5db058 00000067 00008900 DPL=0 TSS64-avl
GDT=     000000003f5db000 00000057
IDT=     000000003f0be018 00000fff
CR0=80000033 CR2=0000000000000000 CR3=000000003f801000 CR4=00000668
DR0=0000000000000000 DR1=0000000000000000 DR2=0000000000000000 DR3=0000000000000000 
DR6=00000000ffff0ff0 DR7=0000000000000400
CCS=0000000000000091 CCD=fffffffffffffff2 CCO=EFLAGS
EFER=0000000000000d00
Servicing hardware INT=0x20
    26: v=20 e=0000 i=0 cpl=0 IP=0038:000000003fe9df50 pc=000000003fe9df50 SP=0030:000000003fe8c288 env->regs[R_EAX]=000000003fe9df50
RAX=000000003fe9df50 RBX=000000003f4e7c08 RCX=0000000000000010 RDX=000000003f4e7bcc
RSI=000000003f4e7aa8 RDI=0000000000000000 RBP=000000003fe8c310 RSP=000000003fe8c288
R8 =000000003f4e7aa8 R9 =000000003eca2b01 R10=000000003ec9be44 R11=8000000000000009
R12=0000000000000160 R13=0000000000000005 R14=000000003fe8c3d8 R15=000fffffc0000000
RIP=000000003fe9df50 RFL=00000206 [-----P-] CPL=0 II=0 A20=1 SMM=0 HLT=0
ES =0030 0000000000000000 ffffffff 00cf9300 DPL=0 DS   [-WA]
CS =0038 0000000000000000 ffffffff 00af9a00 DPL=0 CS64 [-R-]
SS =0030 0000000000000000 ffffffff 00cf9300 DPL=0 DS   [-WA]
DS =0030 0000000000000000 ffffffff 00cf9300 DPL=0 DS   [-WA]
FS =0030 0000000000000000 ffffffff 00cf9300 DPL=0 DS   [-WA]
GS =0030 0000000000000000 ffffffff 00cf9300 DPL=0 DS   [-WA]
LDT=0000 0000000000000000 0000ffff 00008200 DPL=0 LDT
TR =0048 000000003f5db058 00000067 00008900 DPL=0 TSS64-avl
GDT=     000000003f5db000 00000057
IDT=     000000003f0be018 00000fff
CR0=80000033 CR2=0000000000000000 CR3=000000003f801000 CR4=00000668
DR0=0000000000000000 DR1=0000000000000000 DR2=0000000000000000 DR3=0000000000000000 
DR6=00000000ffff0ff0 DR7=0000000000000400
CCS=0000000000000004 CCD=000000003fe8c290 CCO=EFLAGS
EFER=0000000000000d00
Servicing hardware INT=0x20
    27: v=20 e=0000 i=0 cpl=0 IP=0038:000000003f0dac91 pc=000000003f0dac91 SP=0030:000000003fe8c2b0 env->regs[R_EAX]=0000000008000168
RAX=0000000008000168 RBX=000000003fe8c3d4 RCX=000000003f0dd418 RDX=000000000000008c
RSI=0000000000000006 RDI=0000000000000001 RBP=000000003fe8c310 RSP=000000003fe8c2b0
R8 =000000003f4e7aa8 R9 =000000003eca2b01 R10=000000003ec9be44 R11=8000000000000009
R12=000000dc07000000 R13=0000000000000007 R14=000000003fe8c3d8 R15=000fffffc0000000
RIP=000000003f0dac91 RFL=00000212 [----A--] CPL=0 II=0 A20=1 SMM=0 HLT=0
ES =0030 0000000000000000 ffffffff 00cf9300 DPL=0 DS   [-WA]
CS =0038 0000000000000000 ffffffff 00af9a00 DPL=0 CS64 [-R-]
SS =0030 0000000000000000 ffffffff 00cf9300 DPL=0 DS   [-WA]
DS =0030 0000000000000000 ffffffff 00cf9300 DPL=0 DS   [-WA]
FS =0030 0000000000000000 ffffffff 00cf9300 DPL=0 DS   [-WA]
GS =0030 0000000000000000 ffffffff 00cf9300 DPL=0 DS   [-WA]
LDT=0000 0000000000000000 0000ffff 00008200 DPL=0 LDT
TR =0048 000000003f5db058 00000067 00008900 DPL=0 TSS64-avl
GDT=     000000003f5db000 00000057
IDT=     000000003f0be018 00000fff
CR0=80000033 CR2=0000000000000000 CR3=000000003f801000 CR4=00000668
DR0=0000000000000000 DR1=0000000000000000 DR2=0000000000000000 DR3=0000000000000000 
DR6=00000000ffff0ff0 DR7=0000000000000400
CCS=0000000000000010 CCD=000000003f4e7b34 CCO=EFLAGS
EFER=0000000000000d00
Servicing hardware INT=0x20
    28: v=20 e=0000 i=0 cpl=0 IP=0038:000000003fe9df50 pc=000000003fe9df50 SP=0030:000000003fe8c288 env->regs[R_EAX]=000000003fe9df50
RAX=000000003fe9df50 RBX=000000003f4e7c10 RCX=0000000000000010 RDX=000000003f4e7bcc
RSI=000000003f4e7aa8 RDI=0000000000000000 RBP=000000003fe8c310 RSP=000000003fe8c288
R8 =000000003f4e7aa8 R9 =000000003eca2b01 R10=000000003ec9be44 R11=8000000000000009
R12=0000000000000168 R13=0000000000000007 R14=000000003fe8c3d8 R15=000fffffc0000000
RIP=000000003fe9df50 RFL=00000206 [-----P-] CPL=0 II=0 A20=1 SMM=0 HLT=0
ES =0030 0000000000000000 ffffffff 00cf9300 DPL=0 DS   [-WA]
CS =0038 0000000000000000 ffffffff 00af9a00 DPL=0 CS64 [-R-]
SS =0030 0000000000000000 ffffffff 00cf9300 DPL=0 DS   [-WA]
DS =0030 0000000000000000 ffffffff 00cf9300 DPL=0 DS   [-WA]
FS =0030 0000000000000000 ffffffff 00cf9300 DPL=0 DS   [-WA]
GS =0030 0000000000000000 ffffffff 00cf9300 DPL=0 DS   [-WA]
LDT=0000 0000000000000000 0000ffff 00008200 DPL=0 LDT
TR =0048 000000003f5db058 00000067 00008900 DPL=0 TSS64-avl
GDT=     000000003f5db000 00000057
IDT=     000000003f0be018 00000fff
CR0=80000033 CR2=0000000000000000 CR3=000000003f801000 CR4=00000668
DR0=0000000000000000 DR1=0000000000000000 DR2=0000000000000000 DR3=0000000000000000 
DR6=00000000ffff0ff0 DR7=0000000000000400
CCS=0000000000000004 CCD=000000003fe8c290 CCO=EFLAGS
EFER=0000000000000d00
Servicing hardware INT=0x20
    29: v=20 e=0000 i=0 cpl=0 IP=0038:000000003f0dac62 pc=000000003f0dac62 SP=0030:000000003fe8c290 env->regs[R_EAX]=0000000000000010
RAX=0000000000000010 RBX=000000003fe8c3d4 RCX=0000000000000010 RDX=0000000000000000
RSI=0000000000000008 RDI=0000000000000007 RBP=000000003fe8c310 RSP=000000003fe8c290
R8 =000000003f4e7aa8 R9 =000000003eca2b01 R10=000000003ec9be44 R11=8000000000000009
R12=000000de1e000000 R13=0000000000000007 R14=000000003fe8c3d8 R15=000fffffc0000000
RIP=000000003f0dac62 RFL=00000293 [--S-A-C] CPL=0 II=0 A20=1 SMM=0 HLT=0
ES =0030 0000000000000000 ffffffff 00cf9300 DPL=0 DS   [-WA]
CS =0038 0000000000000000 ffffffff 00af9a00 DPL=0 CS64 [-R-]
SS =0030 0000000000000000 ffffffff 00cf9300 DPL=0 DS   [-WA]
DS =0030 0000000000000000 ffffffff 00cf9300 DPL=0 DS   [-WA]
FS =0030 0000000000000000 ffffffff 00cf9300 DPL=0 DS   [-WA]
GS =0030 0000000000000000 ffffffff 00cf9300 DPL=0 DS   [-WA]
LDT=0000 0000000000000000 0000ffff 00008200 DPL=0 LDT
TR =0048 000000003f5db058 00000067 00008900 DPL=0 TSS64-avl
GDT=     000000003f5db000 00000057
IDT=     000000003f0be018 00000fff
CR0=80000033 CR2=0000000000000000 CR3=000000003f801000 CR4=00000668
DR0=0000000000000000 DR1=0000000000000000 DR2=0000000000000000 DR3=0000000000000000 
DR6=00000000ffff0ff0 DR7=0000000000000400
CCS=0000000000000091 CCD=fffffffffffffff2 CCO=EFLAGS
EFER=0000000000000d00
Servicing hardware INT=0x20
    30: v=20 e=0000 i=0 cpl=0 IP=0038:000000003ec8c266 pc=000000003ec8c266 SP=0030:000000003fe8c1c8 env->regs[R_EAX]=000000003ec9bfe0
RAX=000000003ec9bfe0 RBX=0000000000000010 RCX=000000003ec9bfe0 RDX=000000003f4e7bcc
RSI=000000003f4e7aa8 RDI=0000000000000001 RBP=000000003fe8c200 RSP=000000003fe8c1c8
R8 =000000003f4e7aa8 R9 =000000003eca2b01 R10=000000003ec9be44 R11=8000000000000009
R12=0000000000000168 R13=0000000000000007 R14=00000000ffffffff R15=000000003feb1960
RIP=000000003ec8c266 RFL=00000202 [-------] CPL=0 II=0 A20=1 SMM=0 HLT=0
ES =0030 0000000000000000 ffffffff 00cf9300 DPL=0 DS   [-WA]
CS =0038 0000000000000000 ffffffff 00af9a00 DPL=0 CS64 [-R-]
SS =0030 0000000000000000 ffffffff 00cf9300 DPL=0 DS   [-WA]
DS =0030 0000000000000000 ffffffff 00cf9300 DPL=0 DS   [-WA]
FS =0030 0000000000000000 ffffffff 00cf9300 DPL=0 DS   [-WA]
GS =0030 0000000000000000 ffffffff 00cf9300 DPL=0 DS   [-WA]
LDT=0000 0000000000000000 0000ffff 00008200 DPL=0 LDT
TR =0048 000000003f5db058 00000067 00008900 DPL=0 TSS64-avl
GDT=     000000003f5db000 00000057
IDT=     000000003f0be018 00000fff
CR0=80000033 CR2=0000000000000000 CR3=000000003f801000 CR4=00000668
DR0=0000000000000000 DR1=0000000000000000 DR2=0000000000000000 DR3=0000000000000000 
DR6=00000000ffff0ff0 DR7=0000000000000400
CCS=0000000000000000 CCD=000000003fe8c1d0 CCO=EFLAGS
EFER=0000000000000d00
Servicing hardware INT=0x20
    31: v=20 e=0000 i=0 cpl=0 IP=0038:000000003fe9151a pc=000000003fe9151a SP=0030:000000003fe8caa0 env->regs[R_EAX]=000000003f3c6090
RAX=000000003f3c6090 RBX=000000003f4e1b30 RCX=800000000000000e RDX=0000000000000084
RSI=0000000000000000 RDI=0000000000000000 RBP=000000003fe8cb70 RSP=000000003fe8caa0
R8 =00000000000000af R9 =000000003fe8cb20 R10=0000000000000001 R11=000000003ec79398
R12=0000000000011c84 R13=000000003fe8cc28 R14=000000003fe8cc58 R15=000000003fe8cc00
RIP=000000003fe9151a RFL=00000293 [--S-A-C] CPL=0 II=0 A20=1 SMM=0 HLT=0
ES =0030 0000000000000000 ffffffff 00cf9300 DPL=0 DS   [-WA]
CS =0038 0000000000000000 ffffffff 00af9a00 DPL=0 CS64 [-R-]
SS =0030 0000000000000000 ffffffff 00cf9300 DPL=0 DS   [-WA]
DS =0030 0000000000000000 ffffffff 00cf9300 DPL=0 DS   [-WA]
FS =0030 0000000000000000 ffffffff 00cf9300 DPL=0 DS   [-WA]
GS =0030 0000000000000000 ffffffff 00cf9300 DPL=0 DS   [-WA]
LDT=0000 0000000000000000 0000ffff 00008200 DPL=0 LDT
TR =0048 000000003f5db058 00000067 00008900 DPL=0 TSS64-avl
GDT=     000000003f5db000 00000057
IDT=     000000003f0be018 00000fff
CR0=80010033 CR2=0000000000000000 CR3=000000003f801000 CR4=00000668
DR0=0000000000000000 DR1=0000000000000000 DR2=0000000000000000 DR3=0000000000000000 
DR6=00000000ffff0ff0 DR7=0000000000000400
CCS=0000000000000091 CCD=ffffffffff011c85 CCO=EFLAGS
EFER=0000000000000d00
Servicing hardware INT=0x20
    32: v=20 e=0000 i=0 cpl=0 IP=0038:000000003ec2b459 pc=000000003ec2b459 SP=0030:000000003fe8cae0 env->regs[R_EAX]=000000003ec3f3a8
RAX=000000003ec3f3a8 RBX=000000003ec3f018 RCX=00000000000002a0 RDX=000000003ec3f108
RSI=000000003ec3f0a8 RDI=000000003ec3f108 RBP=000000003fe8cba0 RSP=000000003fe8cae0
R8 =000000003ec3f3a8 R9 =000000003fe8ca78 R10=000000003f6e1900 R11=000000009bd350d3
R12=000000003ec56a98 R13=000000003ec2b8d0 R14=000000003ec3f028 R15=000000003fe8cb40
RIP=000000003ec2b459 RFL=00000246 [---Z-P-] CPL=0 II=0 A20=1 SMM=0 HLT=0
ES =0030 0000000000000000 ffffffff 00cf9300 DPL=0 DS   [-WA]
CS =0038 0000000000000000 ffffffff 00af9a00 DPL=0 CS64 [-R-]
SS =0030 0000000000000000 ffffffff 00cf9300 DPL=0 DS   [-WA]
DS =0030 0000000000000000 ffffffff 00cf9300 DPL=0 DS   [-WA]
FS =0030 0000000000000000 ffffffff 00cf9300 DPL=0 DS   [-WA]
GS =0030 0000000000000000 ffffffff 00cf9300 DPL=0 DS   [-WA]
LDT=0000 0000000000000000 0000ffff 00008200 DPL=0 LDT
TR =0048 000000003f5db058 00000067 00008900 DPL=0 TSS64-avl
GDT=     000000003f5db000 00000057
IDT=     000000003f0be018 00000fff
CR0=80010033 CR2=0000000000000000 CR3=000000003f801000 CR4=00000668
DR0=0000000000000000 DR1=0000000000000000 DR2=0000000000000000 DR3=0000000000000000 
DR6=00000000ffff0ff0 DR7=0000000000000400
CCS=0000000000000044 CCD=0000000000000100 CCO=EFLAGS
EFER=0000000000000d00
Servicing hardware INT=0x20
    33: v=20 e=0000 i=0 cpl=0 IP=0038:000000003ec8c266 pc=000000003ec8c266 SP=0030:000000003fe8c9f8 env->regs[R_EAX]=000000003ec9bfe0
RAX=000000003ec9bfe0 RBX=0000000000000010 RCX=000000003ec9bfe0 RDX=000000003ec56698
RSI=000000003ec56688 RDI=0000000000000001 RBP=000000003fe8ca30 RSP=000000003fe8c9f8
R8 =00000000000000af R9 =000000003fe8cca0 R10=000000003fea5fc0 R11=000000003f4e7aa8
R12=0000000000000004 R13=0000000000000018 R14=00000000ffffffff R15=000000003feb1960
RIP=000000003ec8c266 RFL=00000206 [-----P-] CPL=0 II=0 A20=1 SMM=0 HLT=0
ES =0030 0000000000000000 ffffffff 00cf9300 DPL=0 DS   [-WA]
CS =0038 0000000000000000 ffffffff 00af9a00 DPL=0 CS64 [-R-]
SS =0030 0000000000000000 ffffffff 00cf9300 DPL=0 DS   [-WA]
DS =0030 0000000000000000 ffffffff 00cf9300 DPL=0 DS   [-WA]
FS =0030 0000000000000000 ffffffff 00cf9300 DPL=0 DS   [-WA]
GS =0030 0000000000000000 ffffffff 00cf9300 DPL=0 DS   [-WA]
LDT=0000 0000000000000000 0000ffff 00008200 DPL=0 LDT
TR =0048 000000003f5db058 00000067 00008900 DPL=0 TSS64-avl
GDT=     000000003f5db000 00000057
IDT=     000000003f0be018 00000fff
CR0=80010033 CR2=0000000000000000 CR3=000000003f801000 CR4=00000668
DR0=0000000000000000 DR1=0000000000000000 DR2=0000000000000000 DR3=0000000000000000 
DR6=00000000ffff0ff0 DR7=0000000000000400
CCS=0000000000000004 CCD=000000003fe8ca00 CCO=EFLAGS
EFER=0000000000000d00
Servicing hardware INT=0x20
    34: v=20 e=0000 i=0 cpl=0 IP=0038:000000003ec8c266 pc=000000003ec8c266 SP=0030:000000003fe8cc18 env->regs[R_EAX]=000000003ec9bfe0
RAX=000000003ec9bfe0 RBX=0000000000000004 RCX=000000003ec9bfe0 RDX=0000000000000000
RSI=000000003fe8cdf0 RDI=0000000000000001 RBP=000000003fe8cc50 RSP=000000003fe8cc18
R8 =000000003fe8cdf0 R9 =000000003f363b6c R10=000000000000001b R11=0000000000000c06
R12=000000003fe8cdf0 R13=800000000000000e R14=00000000ffffffff R15=000000003feb1960
RIP=000000003ec8c266 RFL=00000202 [-------] CPL=0 II=0 A20=1 SMM=0 HLT=0
ES =0030 0000000000000000 ffffffff 00cf9300 DPL=0 DS   [-WA]
CS =0038 0000000000000000 ffffffff 00af9a00 DPL=0 CS64 [-R-]
SS =0030 0000000000000000 ffffffff 00cf9300 DPL=0 DS   [-WA]
DS =0030 0000000000000000 ffffffff 00cf9300 DPL=0 DS   [-WA]
FS =0030 0000000000000000 ffffffff 00cf9300 DPL=0 DS   [-WA]
GS =0030 0000000000000000 ffffffff 00cf9300 DPL=0 DS   [-WA]
LDT=0000 0000000000000000 0000ffff 00008200 DPL=0 LDT
TR =0048 000000003f5db058 00000067 00008900 DPL=0 TSS64-avl
GDT=     000000003f5db000 00000057
IDT=     000000003f0be018 00000fff
CR0=80010033 CR2=0000000000000000 CR3=000000003f801000 CR4=00000668
DR0=0000000000000000 DR1=0000000000000000 DR2=0000000000000000 DR3=0000000000000000 
DR6=00000000ffff0ff0 DR7=0000000000000400
CCS=0000000000000000 CCD=000000003fe8cc20 CCO=EFLAGS
EFER=0000000000000d00
Servicing hardware INT=0x20
    35: v=20 e=0000 i=0 cpl=0 IP=0038:000000003e910be8 pc=000000003e910be8 SP=0030:000000003fe8cb90 env->regs[R_EAX]=000000003f4e8ba0
RAX=000000003f4e8ba0 RBX=000000003fe8cc6c RCX=51af92d74973db9e RDX=000000003f4e8b01
RSI=000000003e9214e0 RDI=0000000000000000 RBP=000000003fe8cc30 RSP=000000003fe8cb90
R8 =000000003f4e8b88 R9 =000000003e9214e0 R10=000000003f5eccb0 R11=000000003e921980
R12=0000000000000004 R13=000000003ec23118 R14=000000003fea83c0 R15=000000003fea6250
RIP=000000003e910be8 RFL=00000206 [-----P-] CPL=0 II=0 A20=1 SMM=0 HLT=0
ES =0030 0000000000000000 ffffffff 00cf9300 DPL=0 DS   [-WA]
CS =0038 0000000000000000 ffffffff 00af9a00 DPL=0 CS64 [-R-]
SS =0030 0000000000000000 ffffffff 00cf9300 DPL=0 DS   [-WA]
DS =0030 0000000000000000 ffffffff 00cf9300 DPL=0 DS   [-WA]
FS =0030 0000000000000000 ffffffff 00cf9300 DPL=0 DS   [-WA]
GS =0030 0000000000000000 ffffffff 00cf9300 DPL=0 DS   [-WA]
LDT=0000 0000000000000000 0000ffff 00008200 DPL=0 LDT
TR =0048 000000003f5db058 00000067 00008900 DPL=0 TSS64-avl
GDT=     000000003f5db000 00000057
IDT=     000000003f0be018 00000fff
CR0=80010033 CR2=0000000000000000 CR3=000000003f801000 CR4=00000668
DR0=0000000000000000 DR1=0000000000000000 DR2=0000000000000000 DR3=0000000000000000 
DR6=00000000ffff0ff0 DR7=0000000000000400
CCS=0000000000000004 CCD=000000003f4e8ba0 CCO=EFLAGS
EFER=0000000000000d00
Servicing hardware INT=0x20
    36: v=20 e=0000 i=0 cpl=0 IP=0038:000000003e8e7602 pc=000000003e8e7602 SP=0030:000000003fe8cc78 env->regs[R_EAX]=000000003e933118
RAX=000000003e933118 RBX=000000003ec79a98 RCX=000000003ec79a98 RDX=000000003f5ec018
RSI=000000003fea83c0 RDI=000000003e933118 RBP=000000003fe8cd00 RSP=000000003fe8cc78
R8 =000000003e8ee698 R9 =000000003fea8be8 R10=000000003fea5fc0 R11=0000000000000c06
R12=000000003f5ec018 R13=0000000000000000 R14=000000003fea83c0 R15=000000003fea6250
RIP=000000003e8e7602 RFL=00000202 [-------] CPL=0 II=0 A20=1 SMM=0 HLT=0
ES =0030 0000000000000000 ffffffff 00cf9300 DPL=0 DS   [-WA]
CS =0038 0000000000000000 ffffffff 00af9a00 DPL=0 CS64 [-R-]
SS =0030 0000000000000000 ffffffff 00cf9300 DPL=0 DS   [-WA]
DS =0030 0000000000000000 ffffffff 00cf9300 DPL=0 DS   [-WA]
FS =0030 0000000000000000 ffffffff 00cf9300 DPL=0 DS   [-WA]
GS =0030 0000000000000000 ffffffff 00cf9300 DPL=0 DS   [-WA]
LDT=0000 0000000000000000 0000ffff 00008200 DPL=0 LDT
TR =0048 000000003f5db058 00000067 00008900 DPL=0 TSS64-avl
GDT=     000000003f5db000 00000057
IDT=     000000003f0be018 00000fff
CR0=80010033 CR2=0000000000000000 CR3=000000003f801000 CR4=00000668
DR0=0000000000000000 DR1=0000000000000000 DR2=0000000000000000 DR3=0000000000000000 
DR6=00000000ffff0ff0 DR7=0000000000000400
CCS=0000000000000000 CCD=000000003fe8cc80 CCO=EFLAGS
EFER=0000000000000d00
Servicing hardware INT=0x20
    37: v=20 e=0000 i=0 cpl=0 IP=0038:000000003e8c09ae pc=000000003e8c09ae SP=0030:000000003fe8cb80 env->regs[R_EAX]=000000003e8ddf18
RAX=000000003e8ddf18 RBX=000000003e8c32e0 RCX=000000003e8c3358 RDX=0000000000000000
RSI=0000000000000000 RDI=0000000000000000 RBP=000000003fe8cc10 RSP=000000003fe8cb80
R8 =0000000000000004 R9 =000000003e8dd9bb R10=000000003fea5fc0 R11=0000000000000004
R12=000000003e8ddf18 R13=000000003e8c3358 R14=000000003fea83c0 R15=000000003e8c3358
RIP=000000003e8c09ae RFL=00000246 [---Z-P-] CPL=0 II=0 A20=1 SMM=0 HLT=0
ES =0030 0000000000000000 ffffffff 00cf9300 DPL=0 DS   [-WA]
CS =0038 0000000000000000 ffffffff 00af9a00 DPL=0 CS64 [-R-]
SS =0030 0000000000000000 ffffffff 00cf9300 DPL=0 DS   [-WA]
DS =0030 0000000000000000 ffffffff 00cf9300 DPL=0 DS   [-WA]
FS =0030 0000000000000000 ffffffff 00cf9300 DPL=0 DS   [-WA]
GS =0030 0000000000000000 ffffffff 00cf9300 DPL=0 DS   [-WA]
LDT=0000 0000000000000000 0000ffff 00008200 DPL=0 LDT
TR =0048 000000003f5db058 00000067 00008900 DPL=0 TSS64-avl
GDT=     000000003f5db000 00000057
IDT=     000000003f0be018 00000fff
CR0=80010033 CR2=0000000000000000 CR3=000000003f801000 CR4=00000668
DR0=0000000000000000 DR1=0000000000000000 DR2=0000000000000000 DR3=0000000000000000 
DR6=00000000ffff0ff0 DR7=0000000000000400
CCS=0000000000000044 CCD=0000000000000000 CCO=EFLAGS
EFER=0000000000000d00
Servicing hardware INT=0x20
    38: v=20 e=0000 i=0 cpl=0 IP=0038:000000003fea4a6c pc=000000003fea4a6c SP=0030:000000003fe8cb60 env->regs[R_EAX]=00000000000000af
RAX=00000000000000af RBX=000000003e8b2fff RCX=0000000000000000 RDX=000000003e8b0000
RSI=000000003f7ff808 RDI=000000003e8b3000 RBP=000000003fe8cbe0 RSP=000000003fe8cb60
R8 =00000000000000af R9 =0000000000000000 R10=0000000000000000 R11=0000000000000000
R12=000000003e8b2fff R13=0000000000000003 R14=0000000000000001 R15=000000003e8b0000
RIP=000000003fea4a6c RFL=00000206 [-----P-] CPL=0 II=0 A20=1 SMM=0 HLT=0
ES =0030 0000000000000000 ffffffff 00cf9300 DPL=0 DS   [-WA]
CS =0038 0000000000000000 ffffffff 00af9a00 DPL=0 CS64 [-R-]
SS =0030 0000000000000000 ffffffff 00cf9300 DPL=0 DS   [-WA]
DS =0030 0000000000000000 ffffffff 00cf9300 DPL=0 DS   [-WA]
FS =0030 0000000000000000 ffffffff 00cf9300 DPL=0 DS   [-WA]
GS =0030 0000000000000000 ffffffff 00cf9300 DPL=0 DS   [-WA]
LDT=0000 0000000000000000 0000ffff 00008200 DPL=0 LDT
TR =0048 000000003f5db058 00000067 00008900 DPL=0 TSS64-avl
GDT=     000000003f5db000 00000057
IDT=     000000003f0be018 00000fff
CR0=80010033 CR2=0000000000000000 CR3=000000003f801000 CR4=00000668
DR0=0000000000000000 DR1=0000000000000000 DR2=0000000000000000 DR3=0000000000000000 
DR6=00000000ffff0ff0 DR7=0000000000000400
CCS=0000000000000004 CCD=0000000000003000 CCO=EFLAGS
EFER=0000000000000d00
Servicing hardware INT=0x20
    39: v=20 e=0000 i=0 cpl=0 IP=0038:000000003fea4a6c pc=000000003fea4a6c SP=0030:000000003fe8ca40 env->regs[R_EAX]=00000000000000af
RAX=00000000000000af RBX=000000003fea8bc0 RCX=0000000000000000 RDX=000000003e886000
RSI=0000000000000000 RDI=000000003e88c068 RBP=000000003fe8cac0 RSP=000000003fe8ca40
R8 =00000000000000af R9 =0000000000001000 R10=000000003fea5fc0 R11=0000000000000c06
R12=000000003e886000 R13=0000000000006068 R14=000000000000000b R15=000000003e886018
RIP=000000003fea4a6c RFL=00000202 [-------] CPL=0 II=0 A20=1 SMM=0 HLT=0
ES =0030 0000000000000000 ffffffff 00cf9300 DPL=0 DS   [-WA]
CS =0038 0000000000000000 ffffffff 00af9a00 DPL=0 CS64 [-R-]
SS =0030 0000000000000000 ffffffff 00cf9300 DPL=0 DS   [-WA]
DS =0030 0000000000000000 ffffffff 00cf9300 DPL=0 DS   [-WA]
FS =0030 0000000000000000 ffffffff 00cf9300 DPL=0 DS   [-WA]
GS =0030 0000000000000000 ffffffff 00cf9300 DPL=0 DS   [-WA]
LDT=0000 0000000000000000 0000ffff 00008200 DPL=0 LDT
TR =0048 000000003f5db058 00000067 00008900 DPL=0 TSS64-avl
GDT=     000000003f5db000 00000057
IDT=     000000003f0be018 00000fff
CR0=80010033 CR2=0000000000000000 CR3=000000003f801000 CR4=00000668
DR0=0000000000000000 DR1=0000000000000000 DR2=0000000000000000 DR3=0000000000000000 
DR6=00000000ffff0ff0 DR7=0000000000000400
CCS=0000000000000000 CCD=0000000000006068 CCO=EFLAGS
EFER=0000000000000d00
Servicing hardware INT=0x20
    40: v=20 e=0000 i=0 cpl=0 IP=0038:000000003fea4a6c pc=000000003fea4a6c SP=0030:000000003fe8c9b0 env->regs[R_EAX]=00000000000000af
RAX=00000000000000af RBX=000000003e864fff RCX=0000000000000000 RDX=000000003e720000
RSI=000000003f7ff808 RDI=000000003e865000 RBP=000000003fe8ca30 RSP=000000003fe8c9b0
R8 =00000000000000af R9 =000000003e895498 R10=000000003e7ff000 R11=0000000000000c06
R12=000000003e864fff R13=0000000000000145 R14=0000000000000001 R15=000000003e720000
RIP=000000003fea4a6c RFL=00000206 [-----P-] CPL=0 II=0 A20=1 SMM=0 HLT=0
ES =0030 0000000000000000 ffffffff 00cf9300 DPL=0 DS   [-WA]
CS =0038 0000000000000000 ffffffff 00af9a00 DPL=0 CS64 [-R-]
SS =0030 0000000000000000 ffffffff 00cf9300 DPL=0 DS   [-WA]
DS =0030 0000000000000000 ffffffff 00cf9300 DPL=0 DS   [-WA]
FS =0030 0000000000000000 ffffffff 00cf9300 DPL=0 DS   [-WA]
GS =0030 0000000000000000 ffffffff 00cf9300 DPL=0 DS   [-WA]
LDT=0000 0000000000000000 0000ffff 00008200 DPL=0 LDT
TR =0048 000000003f5db058 00000067 00008900 DPL=0 TSS64-avl
GDT=     000000003f5db000 00000057
IDT=     000000003f0be018 00000fff
CR0=80010033 CR2=0000000000000000 CR3=000000003f801000 CR4=00000668
DR0=0000000000000000 DR1=0000000000000000 DR2=0000000000000000 DR3=0000000000000000 
DR6=00000000ffff0ff0 DR7=0000000000000400
CCS=0000000000000004 CCD=0000000000145000 CCO=EFLAGS
EFER=0000000000000d00
Servicing hardware INT=0x20
    41: v=20 e=0000 i=0 cpl=0 IP=0038:000000003e68f5bf pc=000000003e68f5bf SP=0030:000000003fe8c830 env->regs[R_EAX]=0000000000000000
RAX=0000000000000000 RBX=000000000000000d RCX=0000000000000000 RDX=000000003e8494a8
RSI=000000003e717a80 RDI=000000003e718c80 RBP=000000003fe8c870 RSP=000000003fe8c830
R8 =0000000000000012 R9 =000000003e849508 R10=000000003fea5fc0 R11=0000000000007500
R12=000000003e717ad8 R13=000000003e718ae0 R14=000000003e848028 R15=000000003e5fd8f6
RIP=000000003e68f5bf RFL=00000246 [---Z-P-] CPL=0 II=0 A20=1 SMM=0 HLT=0
ES =0030 0000000000000000 ffffffff 00cf9300 DPL=0 DS   [-WA]
CS =0038 0000000000000000 ffffffff 00af9a00 DPL=0 CS64 [-R-]
SS =0030 0000000000000000 ffffffff 00cf9300 DPL=0 DS   [-WA]
DS =0030 0000000000000000 ffffffff 00cf9300 DPL=0 DS   [-WA]
FS =0030 0000000000000000 ffffffff 00cf9300 DPL=0 DS   [-WA]
GS =0030 0000000000000000 ffffffff 00cf9300 DPL=0 DS   [-WA]
LDT=0000 0000000000000000 0000ffff 00008200 DPL=0 LDT
TR =0048 000000003f5db058 00000067 00008900 DPL=0 TSS64-avl
GDT=     000000003f5db000 00000057
IDT=     000000003f0be018 00000fff
CR0=80010033 CR2=0000000000000000 CR3=000000003f801000 CR4=00000668
DR0=0000000000000000 DR1=0000000000000000 DR2=0000000000000000 DR3=0000000000000000 
DR6=00000000ffff0ff0 DR7=0000000000000400
CCS=0000000000000044 CCD=0000000000000000 CCO=EFLAGS
EFER=0000000000000d00
Servicing hardware INT=0x20
    42: v=20 e=0000 i=0 cpl=0 IP=0038:000000003e61782b pc=000000003e61782b SP=0030:000000003fe8c6e0 env->regs[R_EAX]=0000000000000000
RAX=0000000000000000 RBX=000000003fe8c740 RCX=000000003fe8c778 RDX=000000003fe8c740
RSI=000000003fe8c748 RDI=000000003e83f528 RBP=000000003fe8c700 RSP=000000003fe8c6e0
R8 =0000000000000030 R9 =000000003e846c8b R10=000000003e6aab40 R11=000000003fe8c778
R12=000000000000001d R13=000000003fe8c748 R14=000000003e846028 R15=000000003fe8c778
RIP=000000003e61782b RFL=00000202 [-------] CPL=0 II=0 A20=1 SMM=0 HLT=0
ES =0030 0000000000000000 ffffffff 00cf9300 DPL=0 DS   [-WA]
CS =0038 0000000000000000 ffffffff 00af9a00 DPL=0 CS64 [-R-]
SS =0030 0000000000000000 ffffffff 00cf9300 DPL=0 DS   [-WA]
DS =0030 0000000000000000 ffffffff 00cf9300 DPL=0 DS   [-WA]
FS =0030 0000000000000000 ffffffff 00cf9300 DPL=0 DS   [-WA]
GS =0030 0000000000000000 ffffffff 00cf9300 DPL=0 DS   [-WA]
LDT=0000 0000000000000000 0000ffff 00008200 DPL=0 LDT
TR =0048 000000003f5db058 00000067 00008900 DPL=0 TSS64-avl
GDT=     000000003f5db000 00000057
IDT=     000000003f0be018 00000fff
CR0=80010033 CR2=0000000000000000 CR3=000000003f801000 CR4=00000668
DR0=0000000000000000 DR1=0000000000000000 DR2=0000000000000000 DR3=0000000000000000 
DR6=00000000ffff0ff0 DR7=0000000000000400
CCS=0000000000000000 CCD=0000000000000001 CCO=EFLAGS
EFER=0000000000000d00
Servicing hardware INT=0x20
    43: v=20 e=0000 i=0 cpl=0 IP=0038:000000003e678074 pc=000000003e678074 SP=0030:000000003fe8c930 env->regs[R_EAX]=00000000ffffffec
RAX=00000000ffffffec RBX=000000000000000e RCX=0000000000000064 RDX=0000000000000078
RSI=0000000000000000 RDI=0000000000000058 RBP=000000003fe8c9c0 RSP=000000003fe8c930
R8 =0000000000000001 R9 =000000003e6b1faa R10=000000003e82ecaa R11=0000000000000044
R12=000000003e82ecaa R13=000000003e677d9d R14=0000000000000000 R15=000000003fe8cac0
RIP=000000003e678074 RFL=00000202 [-------] CPL=0 II=0 A20=1 SMM=0 HLT=0
ES =0030 0000000000000000 ffffffff 00cf9300 DPL=0 DS   [-WA]
CS =0038 0000000000000000 ffffffff 00af9a00 DPL=0 CS64 [-R-]
SS =0030 0000000000000000 ffffffff 00cf9300 DPL=0 DS   [-WA]
DS =0030 0000000000000000 ffffffff 00cf9300 DPL=0 DS   [-WA]
FS =0030 0000000000000000 ffffffff 00cf9300 DPL=0 DS   [-WA]
GS =0030 0000000000000000 ffffffff 00cf9300 DPL=0 DS   [-WA]
LDT=0000 0000000000000000 0000ffff 00008200 DPL=0 LDT
TR =0048 000000003f5db058 00000067 00008900 DPL=0 TSS64-avl
GDT=     000000003f5db000 00000057
IDT=     000000003f0be018 00000fff
CR0=80010033 CR2=0000000000000000 CR3=000000003f801000 CR4=00000668
DR0=0000000000000000 DR1=0000000000000000 DR2=0000000000000000 DR3=0000000000000000 
DR6=00000000ffff0ff0 DR7=0000000000000400
CCS=0000000000000000 CCD=000000000000000e CCO=EFLAGS
EFER=0000000000000d00
Servicing hardware INT=0x20
    44: v=20 e=0000 i=0 cpl=0 IP=0038:000000003fe91057 pc=000000003fe91057 SP=0030:000000003fe8cc00 env->regs[R_EAX]=0000000000000000
RAX=0000000000000000 RBX=000000003fea8bc0 RCX=0000000000001100 RDX=000000003fea5fc0
RSI=0000000000000000 RDI=0000000000001000 RBP=000000003fe8cc50 RSP=000000003fe8cc00
R8 =00000000000000af R9 =000000003f4ecb18 R10=000000003fea5f01 R11=0000000000000c06
R12=000000003e821680 R13=0000000000000130 R14=0000000000000002 R15=000000003e821698
RIP=000000003fe91057 RFL=00000246 [---Z-P-] CPL=0 II=0 A20=1 SMM=0 HLT=0
ES =0030 0000000000000000 ffffffff 00cf9300 DPL=0 DS   [-WA]
CS =0038 0000000000000000 ffffffff 00af9a00 DPL=0 CS64 [-R-]
SS =0030 0000000000000000 ffffffff 00cf9300 DPL=0 DS   [-WA]
DS =0030 0000000000000000 ffffffff 00cf9300 DPL=0 DS   [-WA]
FS =0030 0000000000000000 ffffffff 00cf9300 DPL=0 DS   [-WA]
GS =0030 0000000000000000 ffffffff 00cf9300 DPL=0 DS   [-WA]
LDT=0000 0000000000000000 0000ffff 00008200 DPL=0 LDT
TR =0048 000000003f5db058 00000067 00008900 DPL=0 TSS64-avl
GDT=     000000003f5db000 00000057
IDT=     000000003f0be018 00000fff
CR0=80010033 CR2=0000000000000000 CR3=000000003f801000 CR4=00000668
DR0=0000000000000000 DR1=0000000000000000 DR2=0000000000000000 DR3=0000000000000000 
DR6=00000000ffff0ff0 DR7=0000000000000400
CCS=0000000000000044 CCD=0000000000000000 CCO=EFLAGS
EFER=0000000000000d00
Servicing hardware INT=0x20
    45: v=20 e=0000 i=0 cpl=0 IP=0038:000000003e9139c6 pc=000000003e9139c6 SP=0030:000000003fe8c6e0 env->regs[R_EAX]=000000003e81b798
RAX=000000003e81b798 RBX=000000003fe8c8e0 RCX=000000003ec9bfe0 RDX=000000003e81b798
RSI=0000000000000002 RDI=0000000000000000 RBP=000000003fe8c7a0 RSP=000000003fe8c6e0
R8 =00000000000000af R9 =000000003f58856b R10=000000003f6e0004 R11=0000000000000045
R12=000000003fe8c808 R13=000000003e81ba18 R14=0000000000000002 R15=0000000000000000
RIP=000000003e9139c6 RFL=00000246 [---Z-P-] CPL=0 II=0 A20=1 SMM=0 HLT=0
ES =0030 0000000000000000 ffffffff 00cf9300 DPL=0 DS   [-WA]
CS =0038 0000000000000000 ffffffff 00af9a00 DPL=0 CS64 [-R-]
SS =0030 0000000000000000 ffffffff 00cf9300 DPL=0 DS   [-WA]
DS =0030 0000000000000000 ffffffff 00cf9300 DPL=0 DS   [-WA]
FS =0030 0000000000000000 ffffffff 00cf9300 DPL=0 DS   [-WA]
GS =0030 0000000000000000 ffffffff 00cf9300 DPL=0 DS   [-WA]
LDT=0000 0000000000000000 0000ffff 00008200 DPL=0 LDT
TR =0048 000000003f5db058 00000067 00008900 DPL=0 TSS64-avl
GDT=     000000003f5db000 00000057
IDT=     000000003f0be018 00000fff
CR0=80010033 CR2=0000000000000000 CR3=000000003f801000 CR4=00000668
DR0=0000000000000000 DR1=0000000000000000 DR2=0000000000000000 DR3=0000000000000000 
DR6=00000000ffff0ff0 DR7=0000000000000400
CCS=0000000000000044 CCD=0000000000000000 CCO=EFLAGS
EFER=0000000000000d00
Servicing hardware INT=0x20
    46: v=20 e=0000 i=0 cpl=0 IP=0038:000000003ec5285a pc=000000003ec5285a SP=0030:000000003fe8c440 env->regs[R_EAX]=0000000000000001
RAX=0000000000000001 RBX=0000000000000000 RCX=0000000000000001 RDX=0000000000000cf8
RSI=0000000000000001 RDI=0000000000000000 RBP=000000003fe8c4a0 RSP=000000003fe8c440
R8 =0000000000000000 R9 =0000000000000cf8 R10=0000000000000001 R11=0000000000000000
R12=0000000012378086 R13=0000000000000004 R14=0000000000000010 R15=0000000000000000
RIP=000000003ec5285a RFL=00000202 [-------] CPL=0 II=0 A20=1 SMM=0 HLT=0
ES =0030 0000000000000000 ffffffff 00cf9300 DPL=0 DS   [-WA]
CS =0038 0000000000000000 ffffffff 00af9a00 DPL=0 CS64 [-R-]
SS =0030 0000000000000000 ffffffff 00cf9300 DPL=0 DS   [-WA]
DS =0030 0000000000000000 ffffffff 00cf9300 DPL=0 DS   [-WA]
FS =0030 0000000000000000 ffffffff 00cf9300 DPL=0 DS   [-WA]
GS =0030 0000000000000000 ffffffff 00cf9300 DPL=0 DS   [-WA]
LDT=0000 0000000000000000 0000ffff 00008200 DPL=0 LDT
TR =0048 000000003f5db058 00000067 00008900 DPL=0 TSS64-avl
GDT=     000000003f5db000 00000057
IDT=     000000003f0be018 00000fff
CR0=80010033 CR2=0000000000000000 CR3=000000003f801000 CR4=00000668
DR0=0000000000000000 DR1=0000000000000000 DR2=0000000000000000 DR3=0000000000000000 
DR6=00000000ffff0ff0 DR7=0000000000000400
CCS=0000000000000038 CCD=0000000000000001 CCO=LOGICB
EFER=0000000000000d00
Servicing hardware INT=0x20
    47: v=20 e=0000 i=0 cpl=0 IP=0038:000000003e8d372f pc=000000003e8d372f SP=0030:000000003fe8c2d0 env->regs[R_EAX]=00000000000000ff
RAX=00000000000000ff RBX=000000003e7f6818 RCX=0000000000000001 RDX=0000000000000000
RSI=0000000081000000 RDI=000000003e7f6818 RBP=000000003fe8c310 RSP=000000003fe8c2d0
R8 =0000000000000000 R9 =0000000000000cf8 R10=0000000000000001 R11=0000000000000000
R12=0000000081000000 R13=0000000000000030 R14=000000003e7f6828 R15=000000003fe8c2dc
RIP=000000003e8d372f RFL=00000296 [--S-AP-] CPL=0 II=0 A20=1 SMM=0 HLT=0
ES =0030 0000000000000000 ffffffff 00cf9300 DPL=0 DS   [-WA]
CS =0038 0000000000000000 ffffffff 00af9a00 DPL=0 CS64 [-R-]
SS =0030 0000000000000000 ffffffff 00cf9300 DPL=0 DS   [-WA]
DS =0030 0000000000000000 ffffffff 00cf9300 DPL=0 DS   [-WA]
FS =0030 0000000000000000 ffffffff 00cf9300 DPL=0 DS   [-WA]
GS =0030 0000000000000000 ffffffff 00cf9300 DPL=0 DS   [-WA]
LDT=0000 0000000000000000 0000ffff 00008200 DPL=0 LDT
TR =0048 000000003f5db058 00000067 00008900 DPL=0 TSS64-avl
GDT=     000000003f5db000 00000057
IDT=     000000003f0be018 00000fff
CR0=80010033 CR2=0000000000000000 CR3=000000003f801000 CR4=00000668
DR0=0000000000000000 DR1=0000000000000000 DR2=0000000000000000 DR3=0000000000000000 
DR6=00000000ffff0ff0 DR7=0000000000000400
CCS=0000000000000094 CCD=ffffffffffffffff CCO=EFLAGS
EFER=0000000000000d00
Servicing hardware INT=0x20
    48: v=20 e=0000 i=0 cpl=0 IP=0038:000000003fe9a6b0 pc=000000003fe9a6b0 SP=0030:000000003fe8c290 env->regs[R_EAX]=000000003e7e5018
RAX=000000003e7e5018 RBX=000000003e7e5018 RCX=0000000000000005 RDX=0000000022373f0b
RSI=0000000022373f08 RDI=0000000000000003 RBP=000000003fe8c2e0 RSP=000000003fe8c290
R8 =000000000000a07b R9 =00000000000000e6 R10=0000000000009407 R11=000000000000a07d
R12=000000003e7e6036 R13=000000003e7e6254 R14=0000000000000000 R15=000000003e7f5080
RIP=000000003fe9a6b0 RFL=00000202 [-------] CPL=0 II=0 A20=1 SMM=0 HLT=0
ES =0030 0000000000000000 ffffffff 00cf9300 DPL=0 DS   [-WA]
CS =0038 0000000000000000 ffffffff 00af9a00 DPL=0 CS64 [-R-]
SS =0030 0000000000000000 ffffffff 00cf9300 DPL=0 DS   [-WA]
DS =0030 0000000000000000 ffffffff 00cf9300 DPL=0 DS   [-WA]
FS =0030 0000000000000000 ffffffff 00cf9300 DPL=0 DS   [-WA]
GS =0030 0000000000000000 ffffffff 00cf9300 DPL=0 DS   [-WA]
LDT=0000 0000000000000000 0000ffff 00008200 DPL=0 LDT
TR =0048 000000003f5db058 00000067 00008900 DPL=0 TSS64-avl
GDT=     000000003f5db000 00000057
IDT=     000000003f0be018 00000fff
CR0=80010033 CR2=0000000000000000 CR3=000000003f801000 CR4=00000668
DR0=0000000000000000 DR1=0000000000000000 DR2=0000000000000000 DR3=0000000000000000 
DR6=00000000ffff0ff0 DR7=0000000000000400
CCS=0000000000000000 CCD=0000000022373f0b CCO=EFLAGS
EFER=0000000000000d00
Servicing hardware INT=0x20
    49: v=20 e=0000 i=0 cpl=0 IP=0038:000000003ec52a99 pc=000000003ec52a99 SP=0030:000000003fe8c350 env->regs[R_EAX]=0000000000000001
RAX=0000000000000001 RBX=0000000000000000 RCX=0000000000000001 RDX=0000000000000cf8
RSI=0000000000000001 RDI=0000000000000000 RBP=000000003fe8c3b0 RSP=000000003fe8c350
R8 =0000000000000000 R9 =0000000000000cf8 R10=0000000000000001 R11=0000000000000000
R12=0000000000000000 R13=0000000000000004 R14=0000000000000000 R15=0000000000018004
RIP=000000003ec52a99 RFL=00000202 [-------] CPL=0 II=0 A20=1 SMM=0 HLT=0
ES =0030 0000000000000000 ffffffff 00cf9300 DPL=0 DS   [-WA]
CS =0038 0000000000000000 ffffffff 00af9a00 DPL=0 CS64 [-R-]
SS =0030 0000000000000000 ffffffff 00cf9300 DPL=0 DS   [-WA]
DS =0030 0000000000000000 ffffffff 00cf9300 DPL=0 DS   [-WA]
FS =0030 0000000000000000 ffffffff 00cf9300 DPL=0 DS   [-WA]
GS =0030 0000000000000000 ffffffff 00cf9300 DPL=0 DS   [-WA]
LDT=0000 0000000000000000 0000ffff 00008200 DPL=0 LDT
TR =0048 000000003f5db058 00000067 00008900 DPL=0 TSS64-avl
GDT=     000000003f5db000 00000057
IDT=     000000003f0be018 00000fff
CR0=80010033 CR2=0000000000000000 CR3=000000003f801000 CR4=00000668
DR0=0000000000000000 DR1=0000000000000000 DR2=0000000000000000 DR3=0000000000000000 
DR6=00000000ffff0ff0 DR7=0000000000000400
CCS=0000000000000038 CCD=0000000000000001 CCO=LOGICB
EFER=0000000000000d00
Servicing hardware INT=0x20
    50: v=20 e=0000 i=0 cpl=0 IP=0038:000000003f0d1b62 pc=000000003f0d1b62 SP=0030:000000003fe8c370 env->regs[R_EAX]=000000003fe8c5da
RAX=000000003fe8c5da RBX=00000000000012a0 RCX=0000000000000020 RDX=0000000000000000
RSI=000000003fe8c5df RDI=0000000000000000 RBP=000000003fe8c460 RSP=000000003fe8c370
R8 =0000000000000001 R9 =0000000000000000 R10=0000000000000001 R11=0000000000000000
R12=000000003fe8c40c R13=0000000000000001 R14=0000000000000001 R15=000000003f0d40ae
RIP=000000003f0d1b62 RFL=00000246 [---Z-P-] CPL=0 II=0 A20=1 SMM=0 HLT=0
ES =0030 0000000000000000 ffffffff 00cf9300 DPL=0 DS   [-WA]
CS =0038 0000000000000000 ffffffff 00af9a00 DPL=0 CS64 [-R-]
SS =0030 0000000000000000 ffffffff 00cf9300 DPL=0 DS   [-WA]
DS =0030 0000000000000000 ffffffff 00cf9300 DPL=0 DS   [-WA]
FS =0030 0000000000000000 ffffffff 00cf9300 DPL=0 DS   [-WA]
GS =0030 0000000000000000 ffffffff 00cf9300 DPL=0 DS   [-WA]
LDT=0000 0000000000000000 0000ffff 00008200 DPL=0 LDT
TR =0048 000000003f5db058 00000067 00008900 DPL=0 TSS64-avl
GDT=     000000003f5db000 00000057
IDT=     000000003f0be018 00000fff
CR0=80010033 CR2=0000000000000000 CR3=000000003f801000 CR4=00000668
DR0=0000000000000000 DR1=0000000000000000 DR2=0000000000000000 DR3=0000000000000000 
DR6=00000000ffff0ff0 DR7=0000000000000400
CCS=0000000000000044 CCD=0000000000000000 CCO=EFLAGS
EFER=0000000000000d00
Servicing hardware INT=0x20
    51: v=20 e=0000 i=0 cpl=0 IP=0038:000000003f6e9791 pc=000000003f6e9791 SP=0030:000000003fe8c3d0 env->regs[R_EAX]=0000000000000000
RAX=0000000000000000 RBX=00000000ffc21786 RCX=0000000000000101 RDX=ffffffffffffffff
RSI=00000000000000ff RDI=00000000ffc21786 RBP=000000003fe8c400 RSP=000000003fe8c3d0
R8 =0000000000000786 R9 =000000003fe8c4c8 R10=000000003f5c9198 R11=000000003f6e9827
R12=00000000ffc21786 R13=00000000000000ff R14=0000000000000001 R15=000000003fe8c4c8
RIP=000000003f6e9791 RFL=00000246 [---Z-P-] CPL=0 II=0 A20=1 SMM=0 HLT=0
ES =0030 0000000000000000 ffffffff 00cf9300 DPL=0 DS   [-WA]
CS =0038 0000000000000000 ffffffff 00af9a00 DPL=0 CS64 [-R-]
SS =0030 0000000000000000 ffffffff 00cf9300 DPL=0 DS   [-WA]
DS =0030 0000000000000000 ffffffff 00cf9300 DPL=0 DS   [-WA]
FS =0030 0000000000000000 ffffffff 00cf9300 DPL=0 DS   [-WA]
GS =0030 0000000000000000 ffffffff 00cf9300 DPL=0 DS   [-WA]
LDT=0000 0000000000000000 0000ffff 00008200 DPL=0 LDT
TR =0048 000000003f5db058 00000067 00008900 DPL=0 TSS64-avl
GDT=     000000003f5db000 00000057
IDT=     000000003f0be018 00000fff
CR0=80010033 CR2=0000000000000000 CR3=000000003f801000 CR4=00000668
DR0=0000000000000000 DR1=0000000000000000 DR2=0000000000000000 DR3=0000000000000000 
DR6=00000000ffff0ff0 DR7=0000000000000400
CCS=0000000000000044 CCD=0000000000000000 CCO=EFLAGS
EFER=0000000000000d00
Servicing hardware INT=0x20
    52: v=20 e=0000 i=0 cpl=0 IP=0038:000000003f6e9791 pc=000000003f6e9791 SP=0030:000000003fe8c3d0 env->regs[R_EAX]=0000000000000000
RAX=0000000000000000 RBX=00000000ffc21db8 RCX=0000000000000101 RDX=ffffffffffffffff
RSI=0000000000000088 RDI=00000000ffc21e46 RBP=000000003fe8c400 RSP=000000003fe8c3d0
R8 =0000000000000db8 R9 =000000003fe8c4c8 R10=000000003f5c9198 R11=000000003f6e9827
R12=00000000ffc21e46 R13=0000000000000088 R14=000000000000008f R15=000000003fe8c4c8
RIP=000000003f6e9791 RFL=00000246 [---Z-P-] CPL=0 II=0 A20=1 SMM=0 HLT=0
ES =0030 0000000000000000 ffffffff 00cf9300 DPL=0 DS   [-WA]
CS =0038 0000000000000000 ffffffff 00af9a00 DPL=0 CS64 [-R-]
SS =0030 0000000000000000 ffffffff 00cf9300 DPL=0 DS   [-WA]
DS =0030 0000000000000000 ffffffff 00cf9300 DPL=0 DS   [-WA]
FS =0030 0000000000000000 ffffffff 00cf9300 DPL=0 DS   [-WA]
GS =0030 0000000000000000 ffffffff 00cf9300 DPL=0 DS   [-WA]
LDT=0000 0000000000000000 0000ffff 00008200 DPL=0 LDT
TR =0048 000000003f5db058 00000067 00008900 DPL=0 TSS64-avl
GDT=     000000003f5db000 00000057
IDT=     000000003f0be018 00000fff
CR0=80010033 CR2=0000000000000000 CR3=000000003f801000 CR4=00000668
DR0=0000000000000000 DR1=0000000000000000 DR2=0000000000000000 DR3=0000000000000000 
DR6=00000000ffff0ff0 DR7=0000000000000400
CCS=0000000000000044 CCD=0000000000000000 CCO=EFLAGS
EFER=0000000000000d00
Servicing hardware INT=0x20
    53: v=20 e=0000 i=0 cpl=0 IP=0038:000000003f0c034c pc=000000003f0c034c SP=0030:000000003fe8c390 env->regs[R_EAX]=0000000000000000
RAX=0000000000000000 RBX=000000008006fb68 RCX=0000000000000002 RDX=000000003f0c0f08
RSI=0000000000000002 RDI=00000000000e4126 RBP=000000003fe8c3a0 RSP=000000003fe8c390
R8 =000000003fe8c4dc R9 =0000000080000000 R10=00000000000fffff R11=000000000000000a
R12=000000003fe8c4dc R13=0000000000000000 R14=0000000000000300 R15=0000000000000004
RIP=000000003f0c034c RFL=00000202 [-------] CPL=0 II=0 A20=1 SMM=0 HLT=0
ES =0030 0000000000000000 ffffffff 00cf9300 DPL=0 DS   [-WA]
CS =0038 0000000000000000 ffffffff 00af9a00 DPL=0 CS64 [-R-]
SS =0030 0000000000000000 ffffffff 00cf9300 DPL=0 DS   [-WA]
DS =0030 0000000000000000 ffffffff 00cf9300 DPL=0 DS   [-WA]
FS =0030 0000000000000000 ffffffff 00cf9300 DPL=0 DS   [-WA]
GS =0030 0000000000000000 ffffffff 00cf9300 DPL=0 DS   [-WA]
LDT=0000 0000000000000000 0000ffff 00008200 DPL=0 LDT
TR =0048 000000003f5db058 00000067 00008900 DPL=0 TSS64-avl
GDT=     000000003f5db000 00000057
IDT=     000000003f0be018 00000fff
CR0=80010033 CR2=0000000000000000 CR3=000000003f801000 CR4=00000668
DR0=0000000000000000 DR1=0000000000000000 DR2=0000000000000000 DR3=0000000000000000 
DR6=00000000ffff0ff0 DR7=0000000000000400
CCS=0000000000000000 CCD=0000000000000001 CCO=EFLAGS
EFER=0000000000000d00
Servicing hardware INT=0x20
    54: v=20 e=0000 i=0 cpl=0 IP=0038:000000003f0c034c pc=000000003f0c034c SP=0030:000000003fe8c390 env->regs[R_EAX]=0000000000000000
RAX=0000000000000000 RBX=00000000801815c0 RCX=0000000000000002 RDX=000000003f0c0f08
RSI=0000000000000002 RDI=000000000009fa90 RBP=000000003fe8c3a0 RSP=000000003fe8c390
R8 =000000003fe8c4dc R9 =0000000080000000 R10=00000000000fffff R11=000000000000000a
R12=000000003fe8c4dc R13=0000000000000000 R14=0000000000000300 R15=0000000000000004
RIP=000000003f0c034c RFL=00000202 [-------] CPL=0 II=0 A20=1 SMM=0 HLT=0
ES =0030 0000000000000000 ffffffff 00cf9300 DPL=0 DS   [-WA]
CS =0038 0000000000000000 ffffffff 00af9a00 DPL=0 CS64 [-R-]
SS =0030 0000000000000000 ffffffff 00cf9300 DPL=0 DS   [-WA]
DS =0030 0000000000000000 ffffffff 00cf9300 DPL=0 DS   [-WA]
FS =0030 0000000000000000 ffffffff 00cf9300 DPL=0 DS   [-WA]
GS =0030 0000000000000000 ffffffff 00cf9300 DPL=0 DS   [-WA]
LDT=0000 0000000000000000 0000ffff 00008200 DPL=0 LDT
TR =0048 000000003f5db058 00000067 00008900 DPL=0 TSS64-avl
GDT=     000000003f5db000 00000057
IDT=     000000003f0be018 00000fff
CR0=80010033 CR2=0000000000000000 CR3=000000003f801000 CR4=00000668
DR0=0000000000000000 DR1=0000000000000000 DR2=0000000000000000 DR3=0000000000000000 
DR6=00000000ffff0ff0 DR7=0000000000000400
CCS=0000000000000000 CCD=0000000000000001 CCO=EFLAGS
EFER=0000000000000d00
Servicing hardware INT=0x20
    55: v=20 e=0000 i=0 cpl=0 IP=0038:000000003f0c034c pc=000000003f0c034c SP=0030:000000003fe8c390 env->regs[R_EAX]=0000000000000000
RAX=0000000000000000 RBX=00000000802630f8 RCX=0000000000000002 RDX=000000003f0c0f08
RSI=0000000000000002 RDI=00000000000673c2 RBP=000000003fe8c3a0 RSP=000000003fe8c390
R8 =000000003fe8c4dc R9 =0000000080000000 R10=00000000000fffff R11=000000000000000a
R12=000000003fe8c4dc R13=0000000000000000 R14=0000000000000300 R15=0000000000000004
RIP=000000003f0c034c RFL=00000202 [-------] CPL=0 II=0 A20=1 SMM=0 HLT=0
ES =0030 0000000000000000 ffffffff 00cf9300 DPL=0 DS   [-WA]
CS =0038 0000000000000000 ffffffff 00af9a00 DPL=0 CS64 [-R-]
SS =0030 0000000000000000 ffffffff 00cf9300 DPL=0 DS   [-WA]
DS =0030 0000000000000000 ffffffff 00cf9300 DPL=0 DS   [-WA]
FS =0030 0000000000000000 ffffffff 00cf9300 DPL=0 DS   [-WA]
GS =0030 0000000000000000 ffffffff 00cf9300 DPL=0 DS   [-WA]
LDT=0000 0000000000000000 0000ffff 00008200 DPL=0 LDT
TR =0048 000000003f5db058 00000067 00008900 DPL=0 TSS64-avl
GDT=     000000003f5db000 00000057
IDT=     000000003f0be018 00000fff
CR0=80010033 CR2=0000000000000000 CR3=000000003f801000 CR4=00000668
DR0=0000000000000000 DR1=0000000000000000 DR2=0000000000000000 DR3=0000000000000000 
DR6=00000000ffff0ff0 DR7=0000000000000400
CCS=0000000000000000 CCD=0000000000000001 CCO=EFLAGS
EFER=0000000000000d00
Servicing hardware INT=0x20
    56: v=20 e=0000 i=0 cpl=0 IP=0038:000000003f0c0c11 pc=000000003f0c0c11 SP=0030:000000003fe8c3b0 env->regs[R_EAX]=0000000000000000
RAX=0000000000000000 RBX=00000000803a77cc RCX=0000000000000002 RDX=000000003f0c0f08
RSI=0000000000000002 RDI=000000000001620d RBP=000000003fe8c420 RSP=000000003fe8c3b0
R8 =000000003fe8c4dc R9 =0000000080000000 R10=00000000000fffff R11=000000000000000a
R12=000000003fe8c4dc R13=0000000000000000 R14=0000000000000300 R15=0000000000000004
RIP=000000003f0c0c11 RFL=00000293 [--S-A-C] CPL=0 II=0 A20=1 SMM=0 HLT=0
ES =0030 0000000000000000 ffffffff 00cf9300 DPL=0 DS   [-WA]
CS =0038 0000000000000000 ffffffff 00af9a00 DPL=0 CS64 [-R-]
SS =0030 0000000000000000 ffffffff 00cf9300 DPL=0 DS   [-WA]
DS =0030 0000000000000000 ffffffff 00cf9300 DPL=0 DS   [-WA]
FS =0030 0000000000000000 ffffffff 00cf9300 DPL=0 DS   [-WA]
GS =0030 0000000000000000 ffffffff 00cf9300 DPL=0 DS   [-WA]
LDT=0000 0000000000000000 0000ffff 00008200 DPL=0 LDT
TR =0048 000000003f5db058 00000067 00008900 DPL=0 TSS64-avl
GDT=     000000003f5db000 00000057
IDT=     000000003f0be018 00000fff
CR0=80010033 CR2=0000000000000000 CR3=000000003f801000 CR4=00000668
DR0=0000000000000000 DR1=0000000000000000 DR2=0000000000000000 DR3=0000000000000000 
DR6=00000000ffff0ff0 DR7=0000000000000400
CCS=0000000000000091 CCD=fffffffffffffffe CCO=EFLAGS
EFER=0000000000000d00
Servicing hardware INT=0x20
    57: v=20 e=0000 i=0 cpl=0 IP=0038:000000003f6d8afa pc=000000003f6d8afa SP=0030:000000003fe8c4f0 env->regs[R_EAX]=00000000000000ff
RAX=00000000000000ff RBX=0000000000000006 RCX=0000000000010001 RDX=000000003e9bf018
RSI=000000003e921801 RDI=000000003e9ef017 RBP=000000003fe8c5d0 RSP=000000003fe8c4f0
R8 =00000000000000ff R9 =0000000000000000 R10=000000003f5c9198 R11=000000003e92027e
R12=000000003fe8c620 R13=000000003fe8c620 R14=0000000000000000 R15=000000003f6d8d02
RIP=000000003f6d8afa RFL=00010206 [-----P-] CPL=0 II=0 A20=1 SMM=0 HLT=0
ES =0030 0000000000000000 ffffffff 00cf9300 DPL=0 DS   [-WA]
CS =0038 0000000000000000 ffffffff 00af9a00 DPL=0 CS64 [-R-]
SS =0030 0000000000000000 ffffffff 00cf9300 DPL=0 DS   [-WA]
DS =0030 0000000000000000 ffffffff 00cf9300 DPL=0 DS   [-WA]
FS =0030 0000000000000000 ffffffff 00cf9300 DPL=0 DS   [-WA]
GS =0030 0000000000000000 ffffffff 00cf9300 DPL=0 DS   [-WA]
LDT=0000 0000000000000000 0000ffff 00008200 DPL=0 LDT
TR =0048 000000003f5db058 00000067 00008900 DPL=0 TSS64-avl
GDT=     000000003f5db000 00000057
IDT=     000000003f0be018 00000fff
CR0=80010033 CR2=0000000000000000 CR3=000000003f801000 CR4=00000668
DR0=0000000000000000 DR1=0000000000000000 DR2=0000000000000000 DR3=0000000000000000 
DR6=00000000ffff0ff0 DR7=0000000000000400
CCS=0000000000000004 CCD=0000000000040000 CCO=EFLAGS
EFER=0000000000000d00
Servicing hardware INT=0x20
    58: v=20 e=0000 i=0 cpl=0 IP=0038:000000003f6e9791 pc=000000003f6e9791 SP=0030:000000003fe8c570 env->regs[R_EAX]=0000000000000000
RAX=0000000000000000 RBX=00000000ffc21e96 RCX=0000000000000101 RDX=ffffffffffffffff
RSI=0000000000000010 RDI=00000000ffc21e96 RBP=000000003fe8c5a0 RSP=000000003fe8c570
R8 =0000000000000e96 R9 =000000003fe8c668 R10=000000003f5c9198 R11=000000003f6e9827
R12=00000000ffc21e96 R13=0000000000000010 R14=0000000000000000 R15=000000003fe8c668
RIP=000000003f6e9791 RFL=00000246 [---Z-P-] CPL=0 II=0 A20=1 SMM=0 HLT=0
ES =0030 0000000000000000 ffffffff 00cf9300 DPL=0 DS   [-WA]
CS =0038 0000000000000000 ffffffff 00af9a00 DPL=0 CS64 [-R-]
SS =0030 0000000000000000 ffffffff 00cf9300 DPL=0 DS   [-WA]
DS =0030 0000000000000000 ffffffff 00cf9300 DPL=0 DS   [-WA]
FS =0030 0000000000000000 ffffffff 00cf9300 DPL=0 DS   [-WA]
GS =0030 0000000000000000 ffffffff 00cf9300 DPL=0 DS   [-WA]
LDT=0000 0000000000000000 0000ffff 00008200 DPL=0 LDT
TR =0048 000000003f5db058 00000067 00008900 DPL=0 TSS64-avl
GDT=     000000003f5db000 00000057
IDT=     000000003f0be018 00000fff
CR0=80010033 CR2=0000000000000000 CR3=000000003f801000 CR4=00000668
DR0=0000000000000000 DR1=0000000000000000 DR2=0000000000000000 DR3=0000000000000000 
DR6=00000000ffff0ff0 DR7=0000000000000400
CCS=0000000000000044 CCD=0000000000000000 CCO=EFLAGS
EFER=0000000000000d00
Servicing hardware INT=0x20
    59: v=20 e=0000 i=0 cpl=0 IP=0038:000000003f6e9791 pc=000000003f6e9791 SP=0030:000000003fe8c570 env->regs[R_EAX]=0000000000000000
RAX=0000000000000000 RBX=00000000ffc21fe2 RCX=0000000000000101 RDX=ffffffffffffffff
RSI=0000000000000010 RDI=00000000ffc21fe2 RBP=000000003fe8c5a0 RSP=000000003fe8c570
R8 =0000000000000fe2 R9 =000000003fe8c668 R10=000000003f5c9198 R11=000000003f6e9827
R12=00000000ffc21fe2 R13=0000000000000010 R14=0000000000000000 R15=000000003fe8c668
RIP=000000003f6e9791 RFL=00000246 [---Z-P-] CPL=0 II=0 A20=1 SMM=0 HLT=0
ES =0030 0000000000000000 ffffffff 00cf9300 DPL=0 DS   [-WA]
CS =0038 0000000000000000 ffffffff 00af9a00 DPL=0 CS64 [-R-]
SS =0030 0000000000000000 ffffffff 00cf9300 DPL=0 DS   [-WA]
DS =0030 0000000000000000 ffffffff 00cf9300 DPL=0 DS   [-WA]
FS =0030 0000000000000000 ffffffff 00cf9300 DPL=0 DS   [-WA]
GS =0030 0000000000000000 ffffffff 00cf9300 DPL=0 DS   [-WA]
LDT=0000 0000000000000000 0000ffff 00008200 DPL=0 LDT
TR =0048 000000003f5db058 00000067 00008900 DPL=0 TSS64-avl
GDT=     000000003f5db000 00000057
IDT=     000000003f0be018 00000fff
CR0=80010033 CR2=0000000000000000 CR3=000000003f801000 CR4=00000668
DR0=0000000000000000 DR1=0000000000000000 DR2=0000000000000000 DR3=0000000000000000 
DR6=00000000ffff0ff0 DR7=0000000000000400
CCS=0000000000000044 CCD=0000000000000000 CCO=EFLAGS
EFER=0000000000000d00
Servicing hardware INT=0x20
    60: v=20 e=0000 i=0 cpl=0 IP=0038:000000003f6e9791 pc=000000003f6e9791 SP=0030:000000003fe8c570 env->regs[R_EAX]=0000000000000000
RAX=0000000000000000 RBX=00000000ffc22238 RCX=0000000000000101 RDX=ffffffffffffffff
RSI=0000000000000010 RDI=00000000ffc222c7 RBP=000000003fe8c5a0 RSP=000000003fe8c570
R8 =0000000000000238 R9 =000000003fe8c668 R10=000000003f5c9198 R11=000000003f6e9827
R12=00000000ffc222c7 R13=0000000000000010 R14=000000000000008f R15=000000003fe8c668
RIP=000000003f6e9791 RFL=00000246 [---Z-P-] CPL=0 II=0 A20=1 SMM=0 HLT=0
ES =0030 0000000000000000 ffffffff 00cf9300 DPL=0 DS   [-WA]
CS =0038 0000000000000000 ffffffff 00af9a00 DPL=0 CS64 [-R-]
SS =0030 0000000000000000 ffffffff 00cf9300 DPL=0 DS   [-WA]
DS =0030 0000000000000000 ffffffff 00cf9300 DPL=0 DS   [-WA]
FS =0030 0000000000000000 ffffffff 00cf9300 DPL=0 DS   [-WA]
GS =0030 0000000000000000 ffffffff 00cf9300 DPL=0 DS   [-WA]
LDT=0000 0000000000000000 0000ffff 00008200 DPL=0 LDT
TR =0048 000000003f5db058 00000067 00008900 DPL=0 TSS64-avl
GDT=     000000003f5db000 00000057
IDT=     000000003f0be018 00000fff
CR0=80010033 CR2=0000000000000000 CR3=000000003f801000 CR4=00000668
DR0=0000000000000000 DR1=0000000000000000 DR2=0000000000000000 DR3=0000000000000000 
DR6=00000000ffff0ff0 DR7=0000000000000400
CCS=0000000000000044 CCD=0000000000000000 CCO=EFLAGS
EFER=0000000000000d00
Servicing hardware INT=0x20
    61: v=20 e=0000 i=0 cpl=0 IP=0038:000000003ec0ccf5 pc=000000003ec0ccf5 SP=0030:000000003fe8c570 env->regs[R_EAX]=000000003f7ec000
RAX=000000003f7ec000 RBX=0000000000011440 RCX=0000000000000000 RDX=000000003f73c000
RSI=00000000008060e8 RDI=0000000000000bc0 RBP=000000003fe8c5d0 RSP=000000003fe8c570
R8 =0000000000000000 R9 =000000003f74d43f R10=00000000ffffffff R11=b92b8e39a04d2e95
R12=000000003f73c000 R13=000000003ec12660 R14=000000003f7ec000 R15=000000003ec11960
RIP=000000003ec0ccf5 RFL=00000206 [-----P-] CPL=0 II=0 A20=1 SMM=0 HLT=0
ES =0030 0000000000000000 ffffffff 00cf9300 DPL=0 DS   [-WA]
CS =0038 0000000000000000 ffffffff 00af9a00 DPL=0 CS64 [-R-]
SS =0030 0000000000000000 ffffffff 00cf9300 DPL=0 DS   [-WA]
DS =0030 0000000000000000 ffffffff 00cf9300 DPL=0 DS   [-WA]
FS =0030 0000000000000000 ffffffff 00cf9300 DPL=0 DS   [-WA]
GS =0030 0000000000000000 ffffffff 00cf9300 DPL=0 DS   [-WA]
LDT=0000 0000000000000000 0000ffff 00008200 DPL=0 LDT
TR =0048 000000003f5db058 00000067 00008900 DPL=0 TSS64-avl
GDT=     000000003f5db000 00000057
IDT=     000000003f0be018 00000fff
CR0=80010033 CR2=0000000000000000 CR3=000000003f801000 CR4=00000668
DR0=0000000000000000 DR1=0000000000000000 DR2=0000000000000000 DR3=0000000000000000 
DR6=00000000ffff0ff0 DR7=0000000000000400
CCS=0000000000000004 CCD=0000000000002288 CCO=EFLAGS
EFER=0000000000000d00
Servicing hardware INT=0x20
    62: v=20 e=0000 i=0 cpl=0 IP=0038:000000003f6d8afa pc=000000003f6d8afa SP=0030:000000003fe8c4f0 env->regs[R_EAX]=00000000000000ff
RAX=00000000000000ff RBX=0000000000000007 RCX=0000000000010001 RDX=000000003e9bf018
RSI=000000003f58807c RDI=000000003e9ef017 RBP=000000003fe8c5d0 RSP=000000003fe8c4f0
R8 =00000000000000ff R9 =0000000000000000 R10=000000003f5c9198 R11=000000003e91fa7c
R12=000000003fe8c620 R13=000000003fe8c578 R14=0000000000000000 R15=000000003f6d8d02
RIP=000000003f6d8afa RFL=00010206 [-----P-] CPL=0 II=0 A20=1 SMM=0 HLT=0
ES =0030 0000000000000000 ffffffff 00cf9300 DPL=0 DS   [-WA]
CS =0038 0000000000000000 ffffffff 00af9a00 DPL=0 CS64 [-R-]
SS =0030 0000000000000000 ffffffff 00cf9300 DPL=0 DS   [-WA]
DS =0030 0000000000000000 ffffffff 00cf9300 DPL=0 DS   [-WA]
FS =0030 0000000000000000 ffffffff 00cf9300 DPL=0 DS   [-WA]
GS =0030 0000000000000000 ffffffff 00cf9300 DPL=0 DS   [-WA]
LDT=0000 0000000000000000 0000ffff 00008200 DPL=0 LDT
TR =0048 000000003f5db058 00000067 00008900 DPL=0 TSS64-avl
GDT=     000000003f5db000 00000057
IDT=     000000003f0be018 00000fff
CR0=80010033 CR2=0000000000000000 CR3=000000003f801000 CR4=00000668
DR0=0000000000000000 DR1=0000000000000000 DR2=0000000000000000 DR3=0000000000000000 
DR6=00000000ffff0ff0 DR7=0000000000000400
CCS=0000000000000004 CCD=0000000000040000 CCO=EFLAGS
EFER=0000000000000d00
Servicing hardware INT=0x20
    63: v=20 e=0000 i=0 cpl=0 IP=0038:000000003f6d215a pc=000000003f6d215a SP=0030:000000003fe8c630 env->regs[R_EAX]=000000003f5a77a2
RAX=000000003f5a77a2 RBX=0000000000000000 RCX=000000000000003c RDX=000000000000000e
RSI=0000000000000001 RDI=000000003f5a7758 RBP=000000003fe8c630 RSP=000000003fe8c630
R8 =0000000000000001 R9 =0000000000000000 R10=000000003f6e1900 R11=000000009449d273
R12=000000000000003c R13=000000003fe8c728 R14=0000000000000000 R15=0000000000000001
RIP=000000003f6d215a RFL=00000212 [----A--] CPL=0 II=0 A20=1 SMM=0 HLT=0
ES =0030 0000000000000000 ffffffff 00cf9300 DPL=0 DS   [-WA]
CS =0038 0000000000000000 ffffffff 00af9a00 DPL=0 CS64 [-R-]
SS =0030 0000000000000000 ffffffff 00cf9300 DPL=0 DS   [-WA]
DS =0030 0000000000000000 ffffffff 00cf9300 DPL=0 DS   [-WA]
FS =0030 0000000000000000 ffffffff 00cf9300 DPL=0 DS   [-WA]
GS =0030 0000000000000000 ffffffff 00cf9300 DPL=0 DS   [-WA]
LDT=0000 0000000000000000 0000ffff 00008200 DPL=0 LDT
TR =0048 000000003f5db058 00000067 00008900 DPL=0 TSS64-avl
GDT=     000000003f5db000 00000057
IDT=     000000003f0be018 00000fff
CR0=80010033 CR2=0000000000000000 CR3=000000003f801000 CR4=00000668
DR0=0000000000000000 DR1=0000000000000000 DR2=0000000000000000 DR3=0000000000000000 
DR6=00000000ffff0ff0 DR7=0000000000000400
CCS=0000000000000010 CCD=000000003f5a77a2 CCO=EFLAGS
EFER=0000000000000d00
Servicing hardware INT=0x20
    64: v=20 e=0000 i=0 cpl=0 IP=0038:000000003e87aa01 pc=000000003e87aa01 SP=0030:000000003fe8c430 env->regs[R_EAX]=0000000000000060
RAX=0000000000000060 RBX=000000003e790d98 RCX=0000000000000011 RDX=00000000000003fd
RSI=0000000000000005 RDI=000000003e790d98 RBP=000000003fe8c440 RSP=000000003fe8c430
R8 =000000000000000e R9 =00000000000003fd R10=0000000000000060 R11=000000003fe8c638
R12=000000003fe8c578 R13=0000000000000000 R14=000000003fe8c46f R15=0000000000000000
RIP=000000003e87aa01 RFL=00000293 [--S-A-C] CPL=0 II=0 A20=1 SMM=0 HLT=0
ES =0030 0000000000000000 ffffffff 00cf9300 DPL=0 DS   [-WA]
CS =0038 0000000000000000 ffffffff 00af9a00 DPL=0 CS64 [-R-]
SS =0030 0000000000000000 ffffffff 00cf9300 DPL=0 DS   [-WA]
DS =0030 0000000000000000 ffffffff 00cf9300 DPL=0 DS   [-WA]
FS =0030 0000000000000000 ffffffff 00cf9300 DPL=0 DS   [-WA]
GS =0030 0000000000000000 ffffffff 00cf9300 DPL=0 DS   [-WA]
LDT=0000 0000000000000000 0000ffff 00008200 DPL=0 LDT
TR =0048 000000003f5db058 00000067 00008900 DPL=0 TSS64-avl
GDT=     000000003f5db000 00000057
IDT=     000000003f0be018 00000fff
CR0=80010033 CR2=0000000000000000 CR3=000000003f801000 CR4=00000668
DR0=0000000000000000 DR1=0000000000000000 DR2=0000000000000000 DR3=0000000000000000 
DR6=00000000ffff0ff0 DR7=0000000000000400
CCS=0000000000000091 CCD=fffffffffffffffe CCO=EFLAGS
EFER=0000000000000d00
Servicing hardware INT=0x20
    65: v=20 e=0000 i=0 cpl=0 IP=0038:000000003f6e9791 pc=000000003f6e9791 SP=0030:000000003fe8c4c0 env->regs[R_EAX]=0000000000000000
RAX=0000000000000000 RBX=00000000ffc2223a RCX=0000000000000101 RDX=ffffffffffffffff
RSI=000000000000003e RDI=00000000ffc2223a RBP=000000003fe8c4f0 RSP=000000003fe8c4c0
R8 =000000000000023a R9 =000000003fe8c5b8 R10=000000003f5c9198 R11=000000003f6e9827
R12=00000000ffc2223a R13=000000000000003e R14=0000000000000001 R15=000000003fe8c5b8
RIP=000000003f6e9791 RFL=00000246 [---Z-P-] CPL=0 II=0 A20=1 SMM=0 HLT=0
ES =0030 0000000000000000 ffffffff 00cf9300 DPL=0 DS   [-WA]
CS =0038 0000000000000000 ffffffff 00af9a00 DPL=0 CS64 [-R-]
SS =0030 0000000000000000 ffffffff 00cf9300 DPL=0 DS   [-WA]
DS =0030 0000000000000000 ffffffff 00cf9300 DPL=0 DS   [-WA]
FS =0030 0000000000000000 ffffffff 00cf9300 DPL=0 DS   [-WA]
GS =0030 0000000000000000 ffffffff 00cf9300 DPL=0 DS   [-WA]
LDT=0000 0000000000000000 0000ffff 00008200 DPL=0 LDT
TR =0048 000000003f5db058 00000067 00008900 DPL=0 TSS64-avl
GDT=     000000003f5db000 00000057
IDT=     000000003f0be018 00000fff
CR0=80010033 CR2=0000000000000000 CR3=000000003f801000 CR4=00000668
DR0=0000000000000000 DR1=0000000000000000 DR2=0000000000000000 DR3=0000000000000000 
DR6=00000000ffff0ff0 DR7=0000000000000400
CCS=0000000000000044 CCD=0000000000000000 CCO=EFLAGS
EFER=0000000000000d00
Servicing hardware INT=0x20
    66: v=20 e=0000 i=0 cpl=0 IP=0038:000000003f6e9791 pc=000000003f6e9791 SP=0030:000000003fe8c4c0 env->regs[R_EAX]=0000000000000000
RAX=0000000000000000 RBX=00000000ffc22396 RCX=0000000000000101 RDX=ffffffffffffffff
RSI=00000000000000ff RDI=00000000ffc22396 RBP=000000003fe8c4f0 RSP=000000003fe8c4c0
R8 =0000000000000396 R9 =000000003fe8c5b8 R10=000000003f5c9198 R11=000000003f6e9827
R12=00000000ffc22396 R13=00000000000000ff R14=0000000000000001 R15=000000003fe8c5b8
RIP=000000003f6e9791 RFL=00000246 [---Z-P-] CPL=0 II=0 A20=1 SMM=0 HLT=0
ES =0030 0000000000000000 ffffffff 00cf9300 DPL=0 DS   [-WA]
CS =0038 0000000000000000 ffffffff 00af9a00 DPL=0 CS64 [-R-]
SS =0030 0000000000000000 ffffffff 00cf9300 DPL=0 DS   [-WA]
DS =0030 0000000000000000 ffffffff 00cf9300 DPL=0 DS   [-WA]
FS =0030 0000000000000000 ffffffff 00cf9300 DPL=0 DS   [-WA]
GS =0030 0000000000000000 ffffffff 00cf9300 DPL=0 DS   [-WA]
LDT=0000 0000000000000000 0000ffff 00008200 DPL=0 LDT
TR =0048 000000003f5db058 00000067 00008900 DPL=0 TSS64-avl
GDT=     000000003f5db000 00000057
IDT=     000000003f0be018 00000fff
CR0=80010033 CR2=0000000000000000 CR3=000000003f801000 CR4=00000668
DR0=0000000000000000 DR1=0000000000000000 DR2=0000000000000000 DR3=0000000000000000 
DR6=00000000ffff0ff0 DR7=0000000000000400
CCS=0000000000000044 CCD=0000000000000000 CCO=EFLAGS
EFER=0000000000000d00
Servicing hardware INT=0x20
    67: v=20 e=0000 i=0 cpl=0 IP=0038:000000003f6e9791 pc=000000003f6e9791 SP=0030:000000003fe8c4c0 env->regs[R_EAX]=0000000000000000
RAX=0000000000000000 RBX=00000000ffc22578 RCX=0000000000000101 RDX=ffffffffffffffff
RSI=0000000000000010 RDI=00000000ffc225d7 RBP=000000003fe8c4f0 RSP=000000003fe8c4c0
R8 =0000000000000578 R9 =000000003fe8c5b8 R10=000000003f5c9198 R11=000000003f6e9827
R12=00000000ffc225d7 R13=0000000000000010 R14=000000000000005f R15=000000003fe8c5b8
RIP=000000003f6e9791 RFL=00000246 [---Z-P-] CPL=0 II=0 A20=1 SMM=0 HLT=0
ES =0030 0000000000000000 ffffffff 00cf9300 DPL=0 DS   [-WA]
CS =0038 0000000000000000 ffffffff 00af9a00 DPL=0 CS64 [-R-]
SS =0030 0000000000000000 ffffffff 00cf9300 DPL=0 DS   [-WA]
DS =0030 0000000000000000 ffffffff 00cf9300 DPL=0 DS   [-WA]
FS =0030 0000000000000000 ffffffff 00cf9300 DPL=0 DS   [-WA]
GS =0030 0000000000000000 ffffffff 00cf9300 DPL=0 DS   [-WA]
LDT=0000 0000000000000000 0000ffff 00008200 DPL=0 LDT
TR =0048 000000003f5db058 00000067 00008900 DPL=0 TSS64-avl
GDT=     000000003f5db000 00000057
IDT=     000000003f0be018 00000fff
CR0=80010033 CR2=0000000000000000 CR3=000000003f801000 CR4=00000668
DR0=0000000000000000 DR1=0000000000000000 DR2=0000000000000000 DR3=0000000000000000 
DR6=00000000ffff0ff0 DR7=0000000000000400
CCS=0000000000000044 CCD=0000000000000000 CCO=EFLAGS
EFER=0000000000000d00
Servicing hardware INT=0x20
    68: v=20 e=0000 i=0 cpl=0 IP=0038:000000003e876e9e pc=000000003e876e9e SP=0030:000000003fe8c5d0 env->regs[R_EAX]=000000000000006b
RAX=000000000000006b RBX=0000000000786342 RCX=000000000000b008 RDX=00000000007862d7
RSI=000000003fe8c6af RDI=000000003e786018 RBP=000000003fe8c600 RSP=000000003fe8c5d0
R8 =000000003e8a9398 R9 =000000000000b008 R10=0000000000000001 R11=000000003e791718
R12=00000000000007d7 R13=000000003fe8c6af R14=000000003e787900 R15=000000003fe8c6af
RIP=000000003e876e9e RFL=00000202 [-------] CPL=0 II=0 A20=1 SMM=0 HLT=0
ES =0030 0000000000000000 ffffffff 00cf9300 DPL=0 DS   [-WA]
CS =0038 0000000000000000 ffffffff 00af9a00 DPL=0 CS64 [-R-]
SS =0030 0000000000000000 ffffffff 00cf9300 DPL=0 DS   [-WA]
DS =0030 0000000000000000 ffffffff 00cf9300 DPL=0 DS   [-WA]
FS =0030 0000000000000000 ffffffff 00cf9300 DPL=0 DS   [-WA]
GS =0030 0000000000000000 ffffffff 00cf9300 DPL=0 DS   [-WA]
LDT=0000 0000000000000000 0000ffff 00008200 DPL=0 LDT
TR =0048 000000003f5db058 00000067 00008900 DPL=0 TSS64-avl
GDT=     000000003f5db000 00000057
IDT=     000000003f0be018 00000fff
CR0=80010033 CR2=0000000000000000 CR3=000000003f801000 CR4=00000668
DR0=0000000000000000 DR1=0000000000000000 DR2=0000000000000000 DR3=0000000000000000 
DR6=00000000ffff0ff0 DR7=0000000000000400
CCS=0000000000000000 CCD=000000000000006b CCO=EFLAGS
EFER=0000000000000d00
Servicing hardware INT=0x20
    69: v=20 e=0000 i=0 cpl=0 IP=0038:000000003e876e9e pc=000000003e876e9e SP=0030:000000003fe8c5d0 env->regs[R_EAX]=0000000000000003
RAX=0000000000000003 RBX=000000000078edd7 RCX=000000000000b008 RDX=000000000078edd4
RSI=000000003fe8c6af RDI=000000003e786018 RBP=000000003fe8c600 RSP=000000003fe8c5d0
R8 =000000003e8a9398 R9 =000000000000b008 R10=0000000000000001 R11=000000003e791718
R12=000000000000069e R13=000000003fe8c6af R14=000000003e787900 R15=000000003fe8c6af
RIP=000000003e876e9e RFL=00000206 [-----P-] CPL=0 II=0 A20=1 SMM=0 HLT=0
ES =0030 0000000000000000 ffffffff 00cf9300 DPL=0 DS   [-WA]
CS =0038 0000000000000000 ffffffff 00af9a00 DPL=0 CS64 [-R-]
SS =0030 0000000000000000 ffffffff 00cf9300 DPL=0 DS   [-WA]
DS =0030 0000000000000000 ffffffff 00cf9300 DPL=0 DS   [-WA]
FS =0030 0000000000000000 ffffffff 00cf9300 DPL=0 DS   [-WA]
GS =0030 0000000000000000 ffffffff 00cf9300 DPL=0 DS   [-WA]
LDT=0000 0000000000000000 0000ffff 00008200 DPL=0 LDT
TR =0048 000000003f5db058 00000067 00008900 DPL=0 TSS64-avl
GDT=     000000003f5db000 00000057
IDT=     000000003f0be018 00000fff
CR0=80010033 CR2=0000000000000000 CR3=000000003f801000 CR4=00000668
DR0=0000000000000000 DR1=0000000000000000 DR2=0000000000000000 DR3=0000000000000000 
DR6=00000000ffff0ff0 DR7=0000000000000400
CCS=0000000000000004 CCD=0000000000000003 CCO=EFLAGS
EFER=0000000000000d00
Servicing hardware INT=0x20
    70: v=20 e=0000 i=0 cpl=0 IP=0038:000000003e876e9e pc=000000003e876e9e SP=0030:000000003fe8c5d0 env->regs[R_EAX]=0000000000000061
RAX=0000000000000061 RBX=0000000000797a11 RCX=000000000000b008 RDX=00000000007979b0
RSI=000000003fe8c6af RDI=000000003e786018 RBP=000000003fe8c600 RSP=000000003fe8c5d0
R8 =000000003e8a9398 R9 =000000000000b008 R10=0000000000000001 R11=000000003e791718
R12=0000000000000561 R13=000000003fe8c6af R14=000000003e787900 R15=000000003fe8c6af
RIP=000000003e876e9e RFL=00000202 [-------] CPL=0 II=0 A20=1 SMM=0 HLT=0
ES =0030 0000000000000000 ffffffff 00cf9300 DPL=0 DS   [-WA]
CS =0038 0000000000000000 ffffffff 00af9a00 DPL=0 CS64 [-R-]
SS =0030 0000000000000000 ffffffff 00cf9300 DPL=0 DS   [-WA]
DS =0030 0000000000000000 ffffffff 00cf9300 DPL=0 DS   [-WA]
FS =0030 0000000000000000 ffffffff 00cf9300 DPL=0 DS   [-WA]
GS =0030 0000000000000000 ffffffff 00cf9300 DPL=0 DS   [-WA]
LDT=0000 0000000000000000 0000ffff 00008200 DPL=0 LDT
TR =0048 000000003f5db058 00000067 00008900 DPL=0 TSS64-avl
GDT=     000000003f5db000 00000057
IDT=     000000003f0be018 00000fff
CR0=80010033 CR2=0000000000000000 CR3=000000003f801000 CR4=00000668
DR0=0000000000000000 DR1=0000000000000000 DR2=0000000000000000 DR3=0000000000000000 
DR6=00000000ffff0ff0 DR7=0000000000000400
CCS=0000000000000000 CCD=0000000000000061 CCO=EFLAGS
EFER=0000000000000d00
Servicing hardware INT=0x20
    71: v=20 e=0000 i=0 cpl=0 IP=0038:000000003e876e9e pc=000000003e876e9e SP=0030:000000003fe8c5d0 env->regs[R_EAX]=0000000000000015
RAX=0000000000000015 RBX=00000000007a140e RCX=000000000000b008 RDX=00000000007a13f9
RSI=000000003fe8c6af RDI=000000003e786018 RBP=000000003fe8c600 RSP=000000003fe8c5d0
R8 =000000003e8a9398 R9 =000000000000b008 R10=0000000000000001 R11=000000003e791718
R12=0000000000000403 R13=000000003fe8c6af R14=000000003e787900 R15=000000003fe8c6af
RIP=000000003e876e9e RFL=00000202 [-------] CPL=0 II=0 A20=1 SMM=0 HLT=0
ES =0030 0000000000000000 ffffffff 00cf9300 DPL=0 DS   [-WA]
CS =0038 0000000000000000 ffffffff 00af9a00 DPL=0 CS64 [-R-]
SS =0030 0000000000000000 ffffffff 00cf9300 DPL=0 DS   [-WA]
DS =0030 0000000000000000 ffffffff 00cf9300 DPL=0 DS   [-WA]
FS =0030 0000000000000000 ffffffff 00cf9300 DPL=0 DS   [-WA]
GS =0030 0000000000000000 ffffffff 00cf9300 DPL=0 DS   [-WA]
LDT=0000 0000000000000000 0000ffff 00008200 DPL=0 LDT
TR =0048 000000003f5db058 00000067 00008900 DPL=0 TSS64-avl
GDT=     000000003f5db000 00000057
IDT=     000000003f0be018 00000fff
CR0=80010033 CR2=0000000000000000 CR3=000000003f801000 CR4=00000668
DR0=0000000000000000 DR1=0000000000000000 DR2=0000000000000000 DR3=0000000000000000 
DR6=00000000ffff0ff0 DR7=0000000000000400
CCS=0000000000000000 CCD=0000000000000015 CCO=EFLAGS
EFER=0000000000000d00
Servicing hardware INT=0x20
    72: v=20 e=0000 i=0 cpl=0 IP=0038:000000003e876d77 pc=000000003e876d77 SP=0030:000000003fe8c5a0 env->regs[R_EAX]=0000000000000018
RAX=0000000000000018 RBX=000000003e786018 RCX=0000000000000064 RDX=0000000000000064
RSI=000000003fe8c6af RDI=000000003e786018 RBP=000000003fe8c5f0 RSP=000000003fe8c5a0
R8 =000000003e8a9398 R9 =0000000000000064 R10=0000000000000001 R11=000000003e791718
R12=000000000000030d R13=000000003fe8c6af R14=000000003e787900 R15=000000003fe8c6af
RIP=000000003e876d77 RFL=00000293 [--S-A-C] CPL=0 II=0 A20=1 SMM=0 HLT=0
ES =0030 0000000000000000 ffffffff 00cf9300 DPL=0 DS   [-WA]
CS =0038 0000000000000000 ffffffff 00af9a00 DPL=0 CS64 [-R-]
SS =0030 0000000000000000 ffffffff 00cf9300 DPL=0 DS   [-WA]
DS =0030 0000000000000000 ffffffff 00cf9300 DPL=0 DS   [-WA]
FS =0030 0000000000000000 ffffffff 00cf9300 DPL=0 DS   [-WA]
GS =0030 0000000000000000 ffffffff 00cf9300 DPL=0 DS   [-WA]
LDT=0000 0000000000000000 0000ffff 00008200 DPL=0 LDT
TR =0048 000000003f5db058 00000067 00008900 DPL=0 TSS64-avl
GDT=     000000003f5db000 00000057
IDT=     000000003f0be018 00000fff
CR0=80010033 CR2=0000000000000000 CR3=000000003f801000 CR4=00000668
DR0=0000000000000000 DR1=0000000000000000 DR2=0000000000000000 DR3=0000000000000000 
DR6=00000000ffff0ff0 DR7=0000000000000400
CCS=0000000000000091 CCD=fffffffffffffffe CCO=EFLAGS
EFER=0000000000000d00
Servicing hardware INT=0x20
    73: v=20 e=0000 i=0 cpl=0 IP=0038:000000003e876e9e pc=000000003e876e9e SP=0030:000000003fe8c5d0 env->regs[R_EAX]=0000000000000029
RAX=0000000000000029 RBX=00000000007b2279 RCX=000000000000b008 RDX=00000000007b2250
RSI=000000003fe8c6af RDI=000000003e786018 RBP=000000003fe8c600 RSP=000000003fe8c5d0
R8 =000000003e8a9398 R9 =000000000000b008 R10=0000000000000001 R11=000000003e791718
R12=00000000000001c6 R13=000000003fe8c6af R14=000000003e787900 R15=000000003fe8c6af
RIP=000000003e876e9e RFL=00000202 [-------] CPL=0 II=0 A20=1 SMM=0 HLT=0
ES =0030 0000000000000000 ffffffff 00cf9300 DPL=0 DS   [-WA]
CS =0038 0000000000000000 ffffffff 00af9a00 DPL=0 CS64 [-R-]
SS =0030 0000000000000000 ffffffff 00cf9300 DPL=0 DS   [-WA]
DS =0030 0000000000000000 ffffffff 00cf9300 DPL=0 DS   [-WA]
FS =0030 0000000000000000 ffffffff 00cf9300 DPL=0 DS   [-WA]
GS =0030 0000000000000000 ffffffff 00cf9300 DPL=0 DS   [-WA]
LDT=0000 0000000000000000 0000ffff 00008200 DPL=0 LDT
TR =0048 000000003f5db058 00000067 00008900 DPL=0 TSS64-avl
GDT=     000000003f5db000 00000057
IDT=     000000003f0be018 00000fff
CR0=80010033 CR2=0000000000000000 CR3=000000003f801000 CR4=00000668
DR0=0000000000000000 DR1=0000000000000000 DR2=0000000000000000 DR3=0000000000000000 
DR6=00000000ffff0ff0 DR7=0000000000000400
CCS=0000000000000000 CCD=0000000000000029 CCO=EFLAGS
EFER=0000000000000d00
Servicing hardware INT=0x20
    74: v=20 e=0000 i=0 cpl=0 IP=0038:000000003e876d77 pc=000000003e876d77 SP=0030:000000003fe8c5a0 env->regs[R_EAX]=0000000000000018
RAX=0000000000000018 RBX=000000003e786018 RCX=0000000000000064 RDX=0000000000000064
RSI=000000003fe8c6af RDI=000000003e786018 RBP=000000003fe8c5f0 RSP=000000003fe8c5a0
R8 =000000003e8a9398 R9 =0000000000000064 R10=0000000000000001 R11=000000003e791718
R12=0000000000000081 R13=000000003fe8c6af R14=000000003e787900 R15=000000003fe8c6af
RIP=000000003e876d77 RFL=00000293 [--S-A-C] CPL=0 II=0 A20=1 SMM=0 HLT=0
ES =0030 0000000000000000 ffffffff 00cf9300 DPL=0 DS   [-WA]
CS =0038 0000000000000000 ffffffff 00af9a00 DPL=0 CS64 [-R-]
SS =0030 0000000000000000 ffffffff 00cf9300 DPL=0 DS   [-WA]
DS =0030 0000000000000000 ffffffff 00cf9300 DPL=0 DS   [-WA]
FS =0030 0000000000000000 ffffffff 00cf9300 DPL=0 DS   [-WA]
GS =0030 0000000000000000 ffffffff 00cf9300 DPL=0 DS   [-WA]
LDT=0000 0000000000000000 0000ffff 00008200 DPL=0 LDT
TR =0048 000000003f5db058 00000067 00008900 DPL=0 TSS64-avl
GDT=     000000003f5db000 00000057
IDT=     000000003f0be018 00000fff
CR0=80010033 CR2=0000000000000000 CR3=000000003f801000 CR4=00000668
DR0=0000000000000000 DR1=0000000000000000 DR2=0000000000000000 DR3=0000000000000000 
DR6=00000000ffff0ff0 DR7=0000000000000400
CCS=0000000000000091 CCD=fffffffffffffffe CCO=EFLAGS
EFER=0000000000000d00
Servicing hardware INT=0x20
    75: v=20 e=0000 i=0 cpl=0 IP=0038:000000003f6e9791 pc=000000003f6e9791 SP=0030:000000003fe8c4c0 env->regs[R_EAX]=0000000000000000
RAX=0000000000000000 RBX=00000000ffc2262c RCX=0000000000000101 RDX=ffffffffffffffff
RSI=0000000000000010 RDI=00000000ffc22643 RBP=000000003fe8c4f0 RSP=000000003fe8c4c0
R8 =000000000000062c R9 =000000003fe8c5b8 R10=000000003f5c9198 R11=000000003f6e9827
R12=00000000ffc22643 R13=0000000000000010 R14=0000000000000017 R15=000000003fe8c5b8
RIP=000000003f6e9791 RFL=00000246 [---Z-P-] CPL=0 II=0 A20=1 SMM=0 HLT=0
ES =0030 0000000000000000 ffffffff 00cf9300 DPL=0 DS   [-WA]
CS =0038 0000000000000000 ffffffff 00af9a00 DPL=0 CS64 [-R-]
SS =0030 0000000000000000 ffffffff 00cf9300 DPL=0 DS   [-WA]
DS =0030 0000000000000000 ffffffff 00cf9300 DPL=0 DS   [-WA]
FS =0030 0000000000000000 ffffffff 00cf9300 DPL=0 DS   [-WA]
GS =0030 0000000000000000 ffffffff 00cf9300 DPL=0 DS   [-WA]
LDT=0000 0000000000000000 0000ffff 00008200 DPL=0 LDT
TR =0048 000000003f5db058 00000067 00008900 DPL=0 TSS64-avl
GDT=     000000003f5db000 00000057
IDT=     000000003f0be018 00000fff
CR0=80010033 CR2=0000000000000000 CR3=000000003f801000 CR4=00000668
DR0=0000000000000000 DR1=0000000000000000 DR2=0000000000000000 DR3=0000000000000000 
DR6=00000000ffff0ff0 DR7=0000000000000400
CCS=0000000000000044 CCD=0000000000000000 CCO=EFLAGS
EFER=0000000000000d00
Servicing hardware INT=0x20
    76: v=20 e=0000 i=0 cpl=0 IP=0038:000000003f6d2142 pc=000000003f6d2142 SP=0030:000000003fe8c670 env->regs[R_EAX]=000000000000000e
RAX=000000000000000e RBX=0000000000000000 RCX=000000000000003c RDX=000000000000000e
RSI=0000000000000001 RDI=000000003f589e0c RBP=000000003fe8c670 RSP=000000003fe8c670
R8 =0000000000000001 R9 =0000000000000000 R10=000000003f6daab0 R11=000000003f6daab0
R12=000000000000003c R13=000000003fe8c778 R14=0000000000000000 R15=0000000000000001
RIP=000000003f6d2142 RFL=00000213 [----A-C] CPL=0 II=0 A20=1 SMM=0 HLT=0
ES =0030 0000000000000000 ffffffff 00cf9300 DPL=0 DS   [-WA]
CS =0038 0000000000000000 ffffffff 00af9a00 DPL=0 CS64 [-R-]
SS =0030 0000000000000000 ffffffff 00cf9300 DPL=0 DS   [-WA]
DS =0030 0000000000000000 ffffffff 00cf9300 DPL=0 DS   [-WA]
FS =0030 0000000000000000 ffffffff 00cf9300 DPL=0 DS   [-WA]
GS =0030 0000000000000000 ffffffff 00cf9300 DPL=0 DS   [-WA]
LDT=0000 0000000000000000 0000ffff 00008200 DPL=0 LDT
TR =0048 000000003f5db058 00000067 00008900 DPL=0 TSS64-avl
GDT=     000000003f5db000 00000057
IDT=     000000003f0be018 00000fff
CR0=80010033 CR2=0000000000000000 CR3=000000003f801000 CR4=00000668
DR0=0000000000000000 DR1=0000000000000000 DR2=0000000000000000 DR3=0000000000000000 
DR6=00000000ffff0ff0 DR7=0000000000000400
CCS=0000000000000011 CCD=0000000000000008 CCO=EFLAGS
EFER=0000000000000d00
Servicing hardware INT=0x20
    77: v=20 e=0000 i=0 cpl=0 IP=0038:000000003f6e9791 pc=000000003f6e9791 SP=0030:000000003fe8c4c0 env->regs[R_EAX]=0000000000000000
RAX=0000000000000000 RBX=00000000ffc228c8 RCX=0000000000000101 RDX=ffffffffffffffff
RSI=0000000000000010 RDI=00000000ffc228ff RBP=000000003fe8c4f0 RSP=000000003fe8c4c0
R8 =00000000000008c8 R9 =000000003fe8c5b8 R10=000000003f5c9198 R11=000000003f6e9827
R12=00000000ffc228ff R13=0000000000000010 R14=0000000000000037 R15=000000003fe8c5b8
RIP=000000003f6e9791 RFL=00000246 [---Z-P-] CPL=0 II=0 A20=1 SMM=0 HLT=0
ES =0030 0000000000000000 ffffffff 00cf9300 DPL=0 DS   [-WA]
CS =0038 0000000000000000 ffffffff 00af9a00 DPL=0 CS64 [-R-]
SS =0030 0000000000000000 ffffffff 00cf9300 DPL=0 DS   [-WA]
DS =0030 0000000000000000 ffffffff 00cf9300 DPL=0 DS   [-WA]
FS =0030 0000000000000000 ffffffff 00cf9300 DPL=0 DS   [-WA]
GS =0030 0000000000000000 ffffffff 00cf9300 DPL=0 DS   [-WA]
LDT=0000 0000000000000000 0000ffff 00008200 DPL=0 LDT
TR =0048 000000003f5db058 00000067 00008900 DPL=0 TSS64-avl
GDT=     000000003f5db000 00000057
IDT=     000000003f0be018 00000fff
CR0=80010033 CR2=0000000000000000 CR3=000000003f801000 CR4=00000668
DR0=0000000000000000 DR1=0000000000000000 DR2=0000000000000000 DR3=0000000000000000 
DR6=00000000ffff0ff0 DR7=0000000000000400
CCS=0000000000000044 CCD=0000000000000000 CCO=EFLAGS
EFER=0000000000000d00
Servicing hardware INT=0x20
    78: v=20 e=0000 i=0 cpl=0 IP=0038:000000003fe8dfc2 pc=000000003fe8dfc2 SP=0030:000000003fe8c6f0 env->regs[R_EAX]=000000003f0d7e18
RAX=000000003f0d7e18 RBX=0000000000000010 RCX=000000003f0de998 RDX=000000003f0de998
RSI=000000003f0de998 RDI=000000003f0de998 RBP=000000003fe8c710 RSP=000000003fe8c6f0
R8 =000000003fe8c7d8 R9 =000000003e923898 R10=000000000000000a R11=000000000000000a
R12=000000003e923898 R13=000000003e8e6430 R14=000000003fe8c7d8 R15=0000000000000001
RIP=000000003fe8dfc2 RFL=00000202 [-------] CPL=0 II=0 A20=1 SMM=0 HLT=0
ES =0030 0000000000000000 ffffffff 00cf9300 DPL=0 DS   [-WA]
CS =0038 0000000000000000 ffffffff 00af9a00 DPL=0 CS64 [-R-]
SS =0030 0000000000000000 ffffffff 00cf9300 DPL=0 DS   [-WA]
DS =0030 0000000000000000 ffffffff 00cf9300 DPL=0 DS   [-WA]
FS =0030 0000000000000000 ffffffff 00cf9300 DPL=0 DS   [-WA]
GS =0030 0000000000000000 ffffffff 00cf9300 DPL=0 DS   [-WA]
LDT=0000 0000000000000000 0000ffff 00008200 DPL=0 LDT
TR =0048 000000003f5db058 00000067 00008900 DPL=0 TSS64-avl
GDT=     000000003f5db000 00000057
IDT=     000000003f0be018 00000fff
CR0=80010033 CR2=0000000000000000 CR3=000000003f801000 CR4=00000668
DR0=0000000000000000 DR1=0000000000000000 DR2=0000000000000000 DR3=0000000000000000 
DR6=00000000ffff0ff0 DR7=0000000000000400
CCS=0000000000000000 CCD=000000003fe8c6c8 CCO=EFLAGS
EFER=0000000000000d00
Servicing hardware INT=0x20
    79: v=20 e=0000 i=0 cpl=0 IP=0038:000000003ec5285a pc=000000003ec5285a SP=0030:000000003fe8c490 env->regs[R_EAX]=0000000000000001
RAX=0000000000000001 RBX=0000000000000000 RCX=0000000000000001 RDX=0000000000000cf8
RSI=0000000000000001 RDI=0000000000000000 RBP=000000003fe8c4f0 RSP=000000003fe8c490
R8 =0000000000000000 R9 =0000000000000cf8 R10=0000000000000001 R11=0000000000000000
R12=0000000070108086 R13=0000000000000004 R14=0000000000000010 R15=0000000000009000
RIP=000000003ec5285a RFL=00000202 [-------] CPL=0 II=0 A20=1 SMM=0 HLT=0
ES =0030 0000000000000000 ffffffff 00cf9300 DPL=0 DS   [-WA]
CS =0038 0000000000000000 ffffffff 00af9a00 DPL=0 CS64 [-R-]
SS =0030 0000000000000000 ffffffff 00cf9300 DPL=0 DS   [-WA]
DS =0030 0000000000000000 ffffffff 00cf9300 DPL=0 DS   [-WA]
FS =0030 0000000000000000 ffffffff 00cf9300 DPL=0 DS   [-WA]
GS =0030 0000000000000000 ffffffff 00cf9300 DPL=0 DS   [-WA]
LDT=0000 0000000000000000 0000ffff 00008200 DPL=0 LDT
TR =0048 000000003f5db058 00000067 00008900 DPL=0 TSS64-avl
GDT=     000000003f5db000 00000057
IDT=     000000003f0be018 00000fff
CR0=80010033 CR2=0000000000000000 CR3=000000003f801000 CR4=00000668
DR0=0000000000000000 DR1=0000000000000000 DR2=0000000000000000 DR3=0000000000000000 
DR6=00000000ffff0ff0 DR7=0000000000000400
CCS=0000000000000038 CCD=0000000000000001 CCO=LOGICB
EFER=0000000000000d00
Servicing hardware INT=0x20
    80: v=20 e=0000 i=0 cpl=0 IP=0038:000000003ec5285a pc=000000003ec5285a SP=0030:000000003fe8c320 env->regs[R_EAX]=0000000000000001
RAX=0000000000000001 RBX=0000000000000024 RCX=0000000000000001 RDX=0000000000000cf8
RSI=0000000000000001 RDI=0000000000000000 RBP=000000003fe8c380 RSP=000000003fe8c320
R8 =0000000000000000 R9 =0000000000000cf8 R10=0000000000000001 R11=0000000000000000
R12=0000000000000000 R13=0000000000000004 R14=0000000000000001 R15=0000000000009024
RIP=000000003ec5285a RFL=00000202 [-------] CPL=0 II=0 A20=1 SMM=0 HLT=0
ES =0030 0000000000000000 ffffffff 00cf9300 DPL=0 DS   [-WA]
CS =0038 0000000000000000 ffffffff 00af9a00 DPL=0 CS64 [-R-]
SS =0030 0000000000000000 ffffffff 00cf9300 DPL=0 DS   [-WA]
DS =0030 0000000000000000 ffffffff 00cf9300 DPL=0 DS   [-WA]
FS =0030 0000000000000000 ffffffff 00cf9300 DPL=0 DS   [-WA]
GS =0030 0000000000000000 ffffffff 00cf9300 DPL=0 DS   [-WA]
LDT=0000 0000000000000000 0000ffff 00008200 DPL=0 LDT
TR =0048 000000003f5db058 00000067 00008900 DPL=0 TSS64-avl
GDT=     000000003f5db000 00000057
IDT=     000000003f0be018 00000fff
CR0=80010033 CR2=0000000000000000 CR3=000000003f801000 CR4=00000668
DR0=0000000000000000 DR1=0000000000000000 DR2=0000000000000000 DR3=0000000000000000 
DR6=00000000ffff0ff0 DR7=0000000000000400
CCS=0000000000000038 CCD=0000000000000001 CCO=LOGICB
EFER=0000000000000d00
Servicing hardware INT=0x20
    81: v=20 e=0000 i=0 cpl=0 IP=0038:000000003e8c5d59 pc=000000003e8c5d59 SP=0030:000000003fe8c248 env->regs[R_EAX]=0000000000000007
RAX=0000000000000007 RBX=0000000000000800 RCX=0000000000000800 RDX=0000000000000000
RSI=0000000000000000 RDI=0000000000000000 RBP=000000003fe8c2e0 RSP=000000003fe8c248
R8 =0000000000000000 R9 =000000003e780018 R10=000000003fea5fc0 R11=0000000000000000
R12=0000000000000000 R13=000000003fe8c340 R14=0000000000000001 R15=0000000000000000
RIP=000000003e8c5d59 RFL=00000246 [---Z-P-] CPL=0 II=0 A20=1 SMM=0 HLT=0
ES =0030 0000000000000000 ffffffff 00cf9300 DPL=0 DS   [-WA]
CS =0038 0000000000000000 ffffffff 00af9a00 DPL=0 CS64 [-R-]
SS =0030 0000000000000000 ffffffff 00cf9300 DPL=0 DS   [-WA]
DS =0030 0000000000000000 ffffffff 00cf9300 DPL=0 DS   [-WA]
FS =0030 0000000000000000 ffffffff 00cf9300 DPL=0 DS   [-WA]
GS =0030 0000000000000000 ffffffff 00cf9300 DPL=0 DS   [-WA]
LDT=0000 0000000000000000 0000ffff 00008200 DPL=0 LDT
TR =0048 000000003f5db058 00000067 00008900 DPL=0 TSS64-avl
GDT=     000000003f5db000 00000057
IDT=     000000003f0be018 00000fff
CR0=80010033 CR2=0000000000000000 CR3=000000003f801000 CR4=00000668
DR0=0000000000000000 DR1=0000000000000000 DR2=0000000000000000 DR3=0000000000000000 
DR6=00000000ffff0ff0 DR7=0000000000000400
CCS=0000000000000044 CCD=0000000000000000 CCO=EFLAGS
EFER=0000000000000d00
Servicing hardware INT=0x20
    82: v=20 e=0000 i=0 cpl=0 IP=0038:000000003e88ed47 pc=000000003e88ed47 SP=0030:000000003fe8bcb0 env->regs[R_EAX]=0000000000000071
RAX=0000000000000071 RBX=0000000000000190 RCX=000000000000b008 RDX=00000000008009ce
RSI=0000000000800a3f RDI=000000003fe8be00 RBP=000000003fe8bce0 RSP=000000003fe8bcb0
R8 =000000003fe8bd00 R9 =000000000000b008 R10=0000000000000000 R11=0000000000000000
R12=00000000000493e1 R13=000000003e783aa0 R14=00000000ffffff00 R15=00000000ffffffe0
RIP=000000003e88ed47 RFL=00000206 [-----P-] CPL=0 II=0 A20=1 SMM=0 HLT=0
ES =0030 0000000000000000 ffffffff 00cf9300 DPL=0 DS   [-WA]
CS =0038 0000000000000000 ffffffff 00af9a00 DPL=0 CS64 [-R-]
SS =0030 0000000000000000 ffffffff 00cf9300 DPL=0 DS   [-WA]
DS =0030 0000000000000000 ffffffff 00cf9300 DPL=0 DS   [-WA]
FS =0030 0000000000000000 ffffffff 00cf9300 DPL=0 DS   [-WA]
GS =0030 0000000000000000 ffffffff 00cf9300 DPL=0 DS   [-WA]
LDT=0000 0000000000000000 0000ffff 00008200 DPL=0 LDT
TR =0048 000000003f5db058 00000067 00008900 DPL=0 TSS64-avl
GDT=     000000003f5db000 00000057
IDT=     000000003f0be018 00000fff
CR0=80010033 CR2=0000000000000000 CR3=000000003f801000 CR4=00000668
DR0=0000000000000000 DR1=0000000000000000 DR2=0000000000000000 DR3=0000000000000000 
DR6=00000000ffff0ff0 DR7=0000000000000400
CCS=0000000000000004 CCD=0000000000000071 CCO=EFLAGS
EFER=0000000000000d00
Servicing hardware INT=0x20
    83: v=20 e=0000 i=0 cpl=0 IP=0038:000000003e88ed47 pc=000000003e88ed47 SP=0030:000000003fe8bbc0 env->regs[R_EAX]=0000000000000081
RAX=0000000000000081 RBX=0000000000000064 RCX=000000000000b008 RDX=0000000000809610
RSI=0000000000809691 RDI=000000003e783b68 RBP=000000003fe8bbf0 RSP=000000003fe8bbc0
R8 =000000003fe8bbef R9 =000000000000b008 R10=0000000000000000 R11=0000000000000000
R12=000000003e74f000 R13=000000003fe8bf38 R14=0000000000000001 R15=0000000000000001
RIP=000000003e88ed47 RFL=00000206 [-----P-] CPL=0 II=0 A20=1 SMM=0 HLT=0
ES =0030 0000000000000000 ffffffff 00cf9300 DPL=0 DS   [-WA]
CS =0038 0000000000000000 ffffffff 00af9a00 DPL=0 CS64 [-R-]
SS =0030 0000000000000000 ffffffff 00cf9300 DPL=0 DS   [-WA]
DS =0030 0000000000000000 ffffffff 00cf9300 DPL=0 DS   [-WA]
FS =0030 0000000000000000 ffffffff 00cf9300 DPL=0 DS   [-WA]
GS =0030 0000000000000000 ffffffff 00cf9300 DPL=0 DS   [-WA]
LDT=0000 0000000000000000 0000ffff 00008200 DPL=0 LDT
TR =0048 000000003f5db058 00000067 00008900 DPL=0 TSS64-avl
GDT=     000000003f5db000 00000057
IDT=     000000003f0be018 00000fff
CR0=80010033 CR2=0000000000000000 CR3=000000003f801000 CR4=00000668
DR0=0000000000000000 DR1=0000000000000000 DR2=0000000000000000 DR3=0000000000000000 
DR6=00000000ffff0ff0 DR7=0000000000000400
CCS=0000000000000004 CCD=0000000000000081 CCO=EFLAGS
EFER=0000000000000d00
Servicing hardware INT=0x20
    84: v=20 e=0000 i=0 cpl=0 IP=0038:000000003e88ed47 pc=000000003e88ed47 SP=0030:000000003fe8ba70 env->regs[R_EAX]=00000000000000fd
RAX=00000000000000fd RBX=0000000000000190 RCX=000000000000b008 RDX=000000000081214a
RSI=0000000000812247 RDI=000000003fe8bbc0 RBP=000000003fe8baa0 RSP=000000003fe8ba70
R8 =000000003fe8bac0 R9 =000000000000b008 R10=0000000000000000 R11=0000000000000000
R12=000000000004baf1 R13=000000003e783aa0 R14=00000000ffffff00 R15=00000000ffffffe0
RIP=000000003e88ed47 RFL=00000202 [-------] CPL=0 II=0 A20=1 SMM=0 HLT=0
ES =0030 0000000000000000 ffffffff 00cf9300 DPL=0 DS   [-WA]
CS =0038 0000000000000000 ffffffff 00af9a00 DPL=0 CS64 [-R-]
SS =0030 0000000000000000 ffffffff 00cf9300 DPL=0 DS   [-WA]
DS =0030 0000000000000000 ffffffff 00cf9300 DPL=0 DS   [-WA]
FS =0030 0000000000000000 ffffffff 00cf9300 DPL=0 DS   [-WA]
GS =0030 0000000000000000 ffffffff 00cf9300 DPL=0 DS   [-WA]
LDT=0000 0000000000000000 0000ffff 00008200 DPL=0 LDT
TR =0048 000000003f5db058 00000067 00008900 DPL=0 TSS64-avl
GDT=     000000003f5db000 00000057
IDT=     000000003f0be018 00000fff
CR0=80010033 CR2=0000000000000000 CR3=000000003f801000 CR4=00000668
DR0=0000000000000000 DR1=0000000000000000 DR2=0000000000000000 DR3=0000000000000000 
DR6=00000000ffff0ff0 DR7=0000000000000400
CCS=0000000000000000 CCD=00000000000000fd CCO=EFLAGS
EFER=0000000000000d00
Servicing hardware INT=0x20
    85: v=20 e=0000 i=0 cpl=0 IP=0038:000000003e88ed47 pc=000000003e88ed47 SP=0030:000000003fe8ba10 env->regs[R_EAX]=0000000000000199
RAX=0000000000000199 RBX=0000000000000190 RCX=000000000000b008 RDX=000000000081a9c1
RSI=000000000081ab5a RDI=000000003fe8bb60 RBP=000000003fe8ba40 RSP=000000003fe8ba10
R8 =000000003fe8ba60 R9 =000000000000b008 R10=0000000000000000 R11=0000000000000000
R12=00000000000493e1 R13=000000003e783aa0 R14=00000000ffffff00 R15=00000000ffffffe0
RIP=000000003e88ed47 RFL=00000206 [-----P-] CPL=0 II=0 A20=1 SMM=0 HLT=0
ES =0030 0000000000000000 ffffffff 00cf9300 DPL=0 DS   [-WA]
CS =0038 0000000000000000 ffffffff 00af9a00 DPL=0 CS64 [-R-]
SS =0030 0000000000000000 ffffffff 00cf9300 DPL=0 DS   [-WA]
DS =0030 0000000000000000 ffffffff 00cf9300 DPL=0 DS   [-WA]
FS =0030 0000000000000000 ffffffff 00cf9300 DPL=0 DS   [-WA]
GS =0030 0000000000000000 ffffffff 00cf9300 DPL=0 DS   [-WA]
LDT=0000 0000000000000000 0000ffff 00008200 DPL=0 LDT
TR =0048 000000003f5db058 00000067 00008900 DPL=0 TSS64-avl
GDT=     000000003f5db000 00000057
IDT=     000000003f0be018 00000fff
CR0=80010033 CR2=0000000000000000 CR3=000000003f801000 CR4=00000668
DR0=0000000000000000 DR1=0000000000000000 DR2=0000000000000000 DR3=0000000000000000 
DR6=00000000ffff0ff0 DR7=0000000000000400
CCS=0000000000000004 CCD=0000000000000199 CCO=EFLAGS
EFER=0000000000000d00
Servicing hardware INT=0x20
    86: v=20 e=0000 i=0 cpl=0 IP=0038:000000003ec8b34b pc=000000003ec8b34b SP=0030:000000003fe8c4f0 env->regs[R_EAX]=00000000008235db
RAX=00000000008235db RBX=0000000000000dfb RCX=000000000000b008 RDX=000000000000b008
RSI=0000000000000000 RDI=0000000000000dfb RBP=000000003fe8c520 RSP=000000003fe8c4f0
R8 =00000000000000af R9 =000000000000b008 R10=0000000000000001 R11=0000000000000000
R12=0000000000000000 R13=000000003e557ef8 R14=0000000000000004 R15=000000003e557f18
RIP=000000003ec8b34b RFL=00000202 [-------] CPL=0 II=0 A20=1 SMM=0 HLT=0
ES =0030 0000000000000000 ffffffff 00cf9300 DPL=0 DS   [-WA]
CS =0038 0000000000000000 ffffffff 00af9a00 DPL=0 CS64 [-R-]
SS =0030 0000000000000000 ffffffff 00cf9300 DPL=0 DS   [-WA]
DS =0030 0000000000000000 ffffffff 00cf9300 DPL=0 DS   [-WA]
FS =0030 0000000000000000 ffffffff 00cf9300 DPL=0 DS   [-WA]
GS =0030 0000000000000000 ffffffff 00cf9300 DPL=0 DS   [-WA]
LDT=0000 0000000000000000 0000ffff 00008200 DPL=0 LDT
TR =0048 000000003f5db058 00000067 00008900 DPL=0 TSS64-avl
GDT=     000000003f5db000 00000057
IDT=     000000003f0be018 00000fff
CR0=80010033 CR2=0000000000000000 CR3=000000003f801000 CR4=00000668
DR0=0000000000000000 DR1=0000000000000000 DR2=0000000000000000 DR3=0000000000000000 
DR6=00000000ffff0ff0 DR7=0000000000000400
CCS=0000000000000000 CCD=000000003fe8c4d0 CCO=EFLAGS
EFER=0000000000000d00
Servicing hardware INT=0x20
    87: v=20 e=0000 i=0 cpl=0 IP=0038:000000003ec8b372 pc=000000003ec8b372 SP=0030:000000003fe8c510 env->regs[R_EAX]=0000000000000101
RAX=0000000000000101 RBX=000000000082d0a0 RCX=000000000000b008 RDX=000000000082cf9f
RSI=0000000000000000 RDI=0000000000000dfb RBP=000000003fe8c520 RSP=000000003fe8c510
R8 =00000000000000af R9 =000000000000b008 R10=0000000000000001 R11=0000000000000000
R12=0000000000000000 R13=000000003e557ef8 R14=0000000000000004 R15=000000003e557f18
RIP=000000003ec8b372 RFL=00000202 [-------] CPL=0 II=0 A20=1 SMM=0 HLT=0
ES =0030 0000000000000000 ffffffff 00cf9300 DPL=0 DS   [-WA]
CS =0038 0000000000000000 ffffffff 00af9a00 DPL=0 CS64 [-R-]
SS =0030 0000000000000000 ffffffff 00cf9300 DPL=0 DS   [-WA]
DS =0030 0000000000000000 ffffffff 00cf9300 DPL=0 DS   [-WA]
FS =0030 0000000000000000 ffffffff 00cf9300 DPL=0 DS   [-WA]
GS =0030 0000000000000000 ffffffff 00cf9300 DPL=0 DS   [-WA]
LDT=0000 0000000000000000 0000ffff 00008200 DPL=0 LDT
TR =0048 000000003f5db058 00000067 00008900 DPL=0 TSS64-avl
GDT=     000000003f5db000 00000057
IDT=     000000003f0be018 00000fff
CR0=80010033 CR2=0000000000000000 CR3=000000003f801000 CR4=00000668
DR0=0000000000000000 DR1=0000000000000000 DR2=0000000000000000 DR3=0000000000000000 
DR6=00000000ffff0ff0 DR7=0000000000000400
CCS=0000000000000000 CCD=0000000000000101 CCO=EFLAGS
EFER=0000000000000d00
Servicing hardware INT=0x20
    88: v=20 e=0000 i=0 cpl=0 IP=0038:000000003ec8b372 pc=000000003ec8b372 SP=0030:000000003fe8c510 env->regs[R_EAX]=0000000000000364
RAX=0000000000000364 RBX=0000000000835eed RCX=000000000000b008 RDX=0000000000835b89
RSI=0000000000000000 RDI=0000000000000dfb RBP=000000003fe8c520 RSP=000000003fe8c510
R8 =00000000000000af R9 =000000000000b008 R10=0000000000000001 R11=0000000000000000
R12=0000000000000000 R13=000000003e557ef8 R14=0000000000000004 R15=000000003e557f18
RIP=000000003ec8b372 RFL=00000202 [-------] CPL=0 II=0 A20=1 SMM=0 HLT=0
ES =0030 0000000000000000 ffffffff 00cf9300 DPL=0 DS   [-WA]
CS =0038 0000000000000000 ffffffff 00af9a00 DPL=0 CS64 [-R-]
SS =0030 0000000000000000 ffffffff 00cf9300 DPL=0 DS   [-WA]
DS =0030 0000000000000000 ffffffff 00cf9300 DPL=0 DS   [-WA]
FS =0030 0000000000000000 ffffffff 00cf9300 DPL=0 DS   [-WA]
GS =0030 0000000000000000 ffffffff 00cf9300 DPL=0 DS   [-WA]
LDT=0000 0000000000000000 0000ffff 00008200 DPL=0 LDT
TR =0048 000000003f5db058 00000067 00008900 DPL=0 TSS64-avl
GDT=     000000003f5db000 00000057
IDT=     000000003f0be018 00000fff
CR0=80010033 CR2=0000000000000000 CR3=000000003f801000 CR4=00000668
DR0=0000000000000000 DR1=0000000000000000 DR2=0000000000000000 DR3=0000000000000000 
DR6=00000000ffff0ff0 DR7=0000000000000400
CCS=0000000000000000 CCD=0000000000000364 CCO=EFLAGS
EFER=0000000000000d00
Servicing hardware INT=0x20
    89: v=20 e=0000 i=0 cpl=0 IP=0038:000000003ec8b372 pc=000000003ec8b372 SP=0030:000000003fe8c510 env->regs[R_EAX]=0000000000000c57
RAX=0000000000000c57 RBX=000000000083f8dd RCX=000000000000b008 RDX=000000000083ec86
RSI=0000000000000000 RDI=0000000000000dfb RBP=000000003fe8c520 RSP=000000003fe8c510
R8 =00000000000000af R9 =000000000000b008 R10=0000000000000001 R11=0000000000000000
R12=0000000000000000 R13=000000003e557ef8 R14=0000000000000004 R15=000000003e557f18
RIP=000000003ec8b372 RFL=00000202 [-------] CPL=0 II=0 A20=1 SMM=0 HLT=0
ES =0030 0000000000000000 ffffffff 00cf9300 DPL=0 DS   [-WA]
CS =0038 0000000000000000 ffffffff 00af9a00 DPL=0 CS64 [-R-]
SS =0030 0000000000000000 ffffffff 00cf9300 DPL=0 DS   [-WA]
DS =0030 0000000000000000 ffffffff 00cf9300 DPL=0 DS   [-WA]
FS =0030 0000000000000000 ffffffff 00cf9300 DPL=0 DS   [-WA]
GS =0030 0000000000000000 ffffffff 00cf9300 DPL=0 DS   [-WA]
LDT=0000 0000000000000000 0000ffff 00008200 DPL=0 LDT
TR =0048 000000003f5db058 00000067 00008900 DPL=0 TSS64-avl
GDT=     000000003f5db000 00000057
IDT=     000000003f0be018 00000fff
CR0=80010033 CR2=0000000000000000 CR3=000000003f801000 CR4=00000668
DR0=0000000000000000 DR1=0000000000000000 DR2=0000000000000000 DR3=0000000000000000 
DR6=00000000ffff0ff0 DR7=0000000000000400
CCS=0000000000000000 CCD=0000000000000c57 CCO=EFLAGS
EFER=0000000000000d00
Servicing hardware INT=0x20
    90: v=20 e=0000 i=0 cpl=0 IP=0038:000000003e5392a6 pc=000000003e5392a6 SP=0030:000000003fe8c3f8 env->regs[R_EAX]=0000000000000020
RAX=0000000000000020 RBX=000000003fe8c460 RCX=0000000000000000 RDX=000000003fe8c4d8
RSI=0000000000000069 RDI=000000003fe8c460 RBP=000000003e552243 RSP=000000003fe8c3f8
R8 =000000003e552976 R9 =000000003fea8bf8 R10=000000003fea5fc0 R11=000000000000000c
R12=000000003e5523e4 R13=000000003fe8c460 R14=000000003fe8c410 R15=000000003e558360
RIP=000000003e5392a6 RFL=00000202 [-------] CPL=0 II=0 A20=1 SMM=0 HLT=0
ES =0030 0000000000000000 ffffffff 00cf9300 DPL=0 DS   [-WA]
CS =0038 0000000000000000 ffffffff 00af9a00 DPL=0 CS64 [-R-]
SS =0030 0000000000000000 ffffffff 00cf9300 DPL=0 DS   [-WA]
DS =0030 0000000000000000 ffffffff 00cf9300 DPL=0 DS   [-WA]
FS =0030 0000000000000000 ffffffff 00cf9300 DPL=0 DS   [-WA]
GS =0030 0000000000000000 ffffffff 00cf9300 DPL=0 DS   [-WA]
LDT=0000 0000000000000000 0000ffff 00008200 DPL=0 LDT
TR =0048 000000003f5db058 00000067 00008900 DPL=0 TSS64-avl
GDT=     000000003f5db000 00000057
IDT=     000000003f0be018 00000fff
CR0=80010033 CR2=0000000000000000 CR3=000000003f801000 CR4=00000668
DR0=0000000000000000 DR1=0000000000000000 DR2=0000000000000000 DR3=0000000000000000 
DR6=00000000ffff0ff0 DR7=0000000000000400
CCS=0000000000000000 CCD=000000003e552243 CCO=EFLAGS
EFER=0000000000000d00
Servicing hardware INT=0x20
    91: v=20 e=0000 i=0 cpl=0 IP=0038:000000003fe8dd3d pc=000000003fe8dd3d SP=0030:000000003fe8c6d0 env->regs[R_EAX]=000000003c020100
RAX=000000003c020100 RBX=000000003e924620 RCX=df50d7363b2d2099 RDX=000000003e8ae300
RSI=000000003e8ae300 RDI=000000003e924818 RBP=000000003fe8c710 RSP=000000003fe8c6d0
R8 =000000003fe8c7d0 R9 =000000003e8c8d18 R10=000000000000000a R11=000000000000000a
R12=000000003e924830 R13=000000003e8ae300 R14=000000003fe8c7d0 R15=0000000000000001
RIP=000000003fe8dd3d RFL=00000206 [-----P-] CPL=0 II=0 A20=1 SMM=0 HLT=0
ES =0030 0000000000000000 ffffffff 00cf9300 DPL=0 DS   [-WA]
CS =0038 0000000000000000 ffffffff 00af9a00 DPL=0 CS64 [-R-]
SS =0030 0000000000000000 ffffffff 00cf9300 DPL=0 DS   [-WA]
DS =0030 0000000000000000 ffffffff 00cf9300 DPL=0 DS   [-WA]
FS =0030 0000000000000000 ffffffff 00cf9300 DPL=0 DS   [-WA]
GS =0030 0000000000000000 ffffffff 00cf9300 DPL=0 DS   [-WA]
LDT=0000 0000000000000000 0000ffff 00008200 DPL=0 LDT
TR =0048 000000003f5db058 00000067 00008900 DPL=0 TSS64-avl
GDT=     000000003f5db000 00000057
IDT=     000000003f0be018 00000fff
CR0=80010033 CR2=0000000000000000 CR3=000000003f801000 CR4=00000668
DR0=0000000000000000 DR1=0000000000000000 DR2=0000000000000000 DR3=0000000000000000 
DR6=00000000ffff0ff0 DR7=0000000000000400
CCS=0000000000000004 CCD=000000003c020100 CCO=EFLAGS
EFER=0000000000000d00
Servicing hardware INT=0x20
    92: v=20 e=0000 i=0 cpl=0 IP=0038:000000003fe8d551 pc=000000003fe8d551 SP=0030:000000003fe8c338 env->regs[R_EAX]=0000000000000004
RAX=0000000000000004 RBX=000000003fea8bc0 RCX=0000000030646870 RDX=0000000000000188
RSI=0000000000000000 RDI=0000000000000188 RBP=000000003fe8c390 RSP=000000003fe8c338
R8 =000000003fe8c410 R9 =000000003e925318 R10=000000003fea7740 R11=000000000000000a
R12=000000003e721280 R13=0000000000000188 R14=000000003fe8c42c R15=000000003e721298
RIP=000000003fe8d551 RFL=00000202 [-------] CPL=0 II=0 A20=1 SMM=0 HLT=0
ES =0030 0000000000000000 ffffffff 00cf9300 DPL=0 DS   [-WA]
CS =0038 0000000000000000 ffffffff 00af9a00 DPL=0 CS64 [-R-]
SS =0030 0000000000000000 ffffffff 00cf9300 DPL=0 DS   [-WA]
DS =0030 0000000000000000 ffffffff 00cf9300 DPL=0 DS   [-WA]
FS =0030 0000000000000000 ffffffff 00cf9300 DPL=0 DS   [-WA]
GS =0030 0000000000000000 ffffffff 00cf9300 DPL=0 DS   [-WA]
LDT=0000 0000000000000000 0000ffff 00008200 DPL=0 LDT
TR =0048 000000003f5db058 00000067 00008900 DPL=0 TSS64-avl
GDT=     000000003f5db000 00000057
IDT=     000000003f0be018 00000fff
CR0=80010033 CR2=0000000000000000 CR3=000000003f801000 CR4=00000668
DR0=0000000000000000 DR1=0000000000000000 DR2=0000000000000000 DR3=0000000000000000 
DR6=00000000ffff0ff0 DR7=0000000000000400
CCS=0000000000000000 CCD=000000003fe8c42c CCO=EFLAGS
EFER=0000000000000d00
Servicing hardware INT=0x20
    93: v=20 e=0000 i=0 cpl=0 IP=0038:000000003e88ed47 pc=000000003e88ed47 SP=0030:000000003fe8bcb0 env->regs[R_EAX]=000000000000013a
RAX=000000000000013a RBX=0000000000000064 RCX=000000000000b008 RDX=000000000086104d
RSI=0000000000861187 RDI=000000003e783b68 RBP=000000003fe8bce0 RSP=000000003fe8bcb0
R8 =000000003fe8bcdf R9 =000000000000b008 R10=0000000000000000 R11=0000000000000000
R12=000000003e720000 R13=000000003fe8c028 R14=0000000000000001 R15=0000000000000001
RIP=000000003e88ed47 RFL=00000206 [-----P-] CPL=0 II=0 A20=1 SMM=0 HLT=0
ES =0030 0000000000000000 ffffffff 00cf9300 DPL=0 DS   [-WA]
CS =0038 0000000000000000 ffffffff 00af9a00 DPL=0 CS64 [-R-]
SS =0030 0000000000000000 ffffffff 00cf9300 DPL=0 DS   [-WA]
DS =0030 0000000000000000 ffffffff 00cf9300 DPL=0 DS   [-WA]
FS =0030 0000000000000000 ffffffff 00cf9300 DPL=0 DS   [-WA]
GS =0030 0000000000000000 ffffffff 00cf9300 DPL=0 DS   [-WA]
LDT=0000 0000000000000000 0000ffff 00008200 DPL=0 LDT
TR =0048 000000003f5db058 00000067 00008900 DPL=0 TSS64-avl
GDT=     000000003f5db000 00000057
IDT=     000000003f0be018 00000fff
CR0=80010033 CR2=0000000000000000 CR3=000000003f801000 CR4=00000668
DR0=0000000000000000 DR1=0000000000000000 DR2=0000000000000000 DR3=0000000000000000 
DR6=00000000ffff0ff0 DR7=0000000000000400
CCS=0000000000000004 CCD=000000000000013a CCO=EFLAGS
EFER=0000000000000d00
Servicing hardware INT=0x20
    94: v=20 e=0000 i=0 cpl=0 IP=0038:000000003e88ed47 pc=000000003e88ed47 SP=0030:000000003fe8bcb0 env->regs[R_EAX]=0000000000000059
RAX=0000000000000059 RBX=0000000000000064 RCX=000000000000b008 RDX=00000000008695bc
RSI=0000000000869615 RDI=000000003e783b68 RBP=000000003fe8bce0 RSP=000000003fe8bcb0
R8 =000000003fe8bcdf R9 =000000000000b008 R10=0000000000000000 R11=0000000000000000
R12=000000003e74f000 R13=000000003fe8c028 R14=0000000000000001 R15=0000000000000001
RIP=000000003e88ed47 RFL=00000206 [-----P-] CPL=0 II=0 A20=1 SMM=0 HLT=0
ES =0030 0000000000000000 ffffffff 00cf9300 DPL=0 DS   [-WA]
CS =0038 0000000000000000 ffffffff 00af9a00 DPL=0 CS64 [-R-]
SS =0030 0000000000000000 ffffffff 00cf9300 DPL=0 DS   [-WA]
DS =0030 0000000000000000 ffffffff 00cf9300 DPL=0 DS   [-WA]
FS =0030 0000000000000000 ffffffff 00cf9300 DPL=0 DS   [-WA]
GS =0030 0000000000000000 ffffffff 00cf9300 DPL=0 DS   [-WA]
LDT=0000 0000000000000000 0000ffff 00008200 DPL=0 LDT
TR =0048 000000003f5db058 00000067 00008900 DPL=0 TSS64-avl
GDT=     000000003f5db000 00000057
IDT=     000000003f0be018 00000fff
CR0=80010033 CR2=0000000000000000 CR3=000000003f801000 CR4=00000668
DR0=0000000000000000 DR1=0000000000000000 DR2=0000000000000000 DR3=0000000000000000 
DR6=00000000ffff0ff0 DR7=0000000000000400
CCS=0000000000000004 CCD=0000000000000059 CCO=EFLAGS
EFER=0000000000000d00
Servicing hardware INT=0x20
    95: v=20 e=0000 i=0 cpl=0 IP=0038:000000003e88ed47 pc=000000003e88ed47 SP=0030:000000003fe8bd80 env->regs[R_EAX]=000000000000036d
RAX=000000000000036d RBX=0000000000000190 RCX=000000000000b008 RDX=000000000087243b
RSI=00000000008727a8 RDI=000000003fe8bed0 RBP=000000003fe8bdb0 RSP=000000003fe8bd80
R8 =000000003fe8bdd0 R9 =000000000000b008 R10=0000000000000000 R11=0000000000000000
R12=00000000000493e1 R13=000000003e783aa0 R14=00000000ffffff00 R15=00000000ffffffe0
RIP=000000003e88ed47 RFL=00000202 [-------] CPL=0 II=0 A20=1 SMM=0 HLT=0
ES =0030 0000000000000000 ffffffff 00cf9300 DPL=0 DS   [-WA]
CS =0038 0000000000000000 ffffffff 00af9a00 DPL=0 CS64 [-R-]
SS =0030 0000000000000000 ffffffff 00cf9300 DPL=0 DS   [-WA]
DS =0030 0000000000000000 ffffffff 00cf9300 DPL=0 DS   [-WA]
FS =0030 0000000000000000 ffffffff 00cf9300 DPL=0 DS   [-WA]
GS =0030 0000000000000000 ffffffff 00cf9300 DPL=0 DS   [-WA]
LDT=0000 0000000000000000 0000ffff 00008200 DPL=0 LDT
TR =0048 000000003f5db058 00000067 00008900 DPL=0 TSS64-avl
GDT=     000000003f5db000 00000057
IDT=     000000003f0be018 00000fff
CR0=80010033 CR2=0000000000000000 CR3=000000003f801000 CR4=00000668
DR0=0000000000000000 DR1=0000000000000000 DR2=0000000000000000 DR3=0000000000000000 
DR6=00000000ffff0ff0 DR7=0000000000000400
CCS=0000000000000000 CCD=000000000000036d CCO=EFLAGS
EFER=0000000000000d00
Servicing hardware INT=0x20
    96: v=20 e=0000 i=0 cpl=0 IP=0038:000000003fea1b01 pc=000000003fea1b01 SP=0030:000000003fe8c460 env->regs[R_EAX]=ffffffffffffffff
RAX=ffffffffffffffff RBX=000000003e8fea18 RCX=000000003e8de818 RDX=000000003e8fe298
RSI=000000003f4ec018 RDI=000000003e8de818 RBP=000000003fe8c4a0 RSP=000000003fe8c460
R8 =000000003fe8c5b8 R9 =000000003e8aac98 R10=000000000000000a R11=000000000000000a
R12=000000003e8aac98 R13=000000003e8a4180 R14=000000003fe8c5b8 R15=0000000000000001
RIP=000000003fea1b01 RFL=00000286 [--S--P-] CPL=0 II=0 A20=1 SMM=0 HLT=0
ES =0030 0000000000000000 ffffffff 00cf9300 DPL=0 DS   [-WA]
CS =0038 0000000000000000 ffffffff 00af9a00 DPL=0 CS64 [-R-]
SS =0030 0000000000000000 ffffffff 00cf9300 DPL=0 DS   [-WA]
DS =0030 0000000000000000 ffffffff 00cf9300 DPL=0 DS   [-WA]
FS =0030 0000000000000000 ffffffff 00cf9300 DPL=0 DS   [-WA]
GS =0030 0000000000000000 ffffffff 00cf9300 DPL=0 DS   [-WA]
LDT=0000 0000000000000000 0000ffff 00008200 DPL=0 LDT
TR =0048 000000003f5db058 00000067 00008900 DPL=0 TSS64-avl
GDT=     000000003f5db000 00000057
IDT=     000000003f0be018 00000fff
CR0=80010033 CR2=0000000000000000 CR3=000000003f801000 CR4=00000668
DR0=0000000000000000 DR1=0000000000000000 DR2=0000000000000000 DR3=0000000000000000 
DR6=00000000ffff0ff0 DR7=0000000000000400
CCS=0000000000000084 CCD=ffffffffffffffff CCO=EFLAGS
EFER=0000000000000d00
Servicing hardware INT=0x20
    97: v=20 e=0000 i=0 cpl=0 IP=0038:000000003fea4a6c pc=000000003fea4a6c SP=0030:000000003fe8c4d0 env->regs[R_EAX]=00000000000000af
RAX=00000000000000af RBX=000000003e3bf018 RCX=0000000000000000 RDX=000000003e3bf018
RSI=000000003e533000 RDI=000000003e3c73b8 RBP=000000003fe8c550 RSP=000000003fe8c4d0
R8 =00000000000000af R9 =0000000000009000 R10=0000000000000201 R11=0000000000000000
R12=00000000000083c8 R13=0000000000000009 R14=0000000000000000 R15=000000003e3bf000
RIP=000000003fea4a6c RFL=00000206 [-----P-] CPL=0 II=0 A20=1 SMM=0 HLT=0
ES =0030 0000000000000000 ffffffff 00cf9300 DPL=0 DS   [-WA]
CS =0038 0000000000000000 ffffffff 00af9a00 DPL=0 CS64 [-R-]
SS =0030 0000000000000000 ffffffff 00cf9300 DPL=0 DS   [-WA]
DS =0030 0000000000000000 ffffffff 00cf9300 DPL=0 DS   [-WA]
FS =0030 0000000000000000 ffffffff 00cf9300 DPL=0 DS   [-WA]
GS =0030 0000000000000000 ffffffff 00cf9300 DPL=0 DS   [-WA]
LDT=0000 0000000000000000 0000ffff 00008200 DPL=0 LDT
TR =0048 000000003f5db058 00000067 00008900 DPL=0 TSS64-avl
GDT=     000000003f5db000 00000057
IDT=     000000003f0be018 00000fff
CR0=80010033 CR2=0000000000000000 CR3=000000003f801000 CR4=00000668
DR0=0000000000000000 DR1=0000000000000000 DR2=0000000000000000 DR3=0000000000000000 
DR6=00000000ffff0ff0 DR7=0000000000000400
CCS=0000000000000004 CCD=00000000000083a0 CCO=EFLAGS
EFER=0000000000000d00
Servicing hardware INT=0x20
    98: v=20 e=0000 i=0 cpl=0 IP=0038:000000003e88ed47 pc=000000003e88ed47 SP=0030:000000003fe8bba0 env->regs[R_EAX]=0000000000000137
RAX=0000000000000137 RBX=0000000000000064 RCX=000000000000b008 RDX=000000000088c7ee
RSI=000000000088c925 RDI=000000003e783b68 RBP=000000003fe8bbd0 RSP=000000003fe8bba0
R8 =000000003fe8bbcf R9 =000000000000b008 R10=0000000000000000 R11=0000000000000000
R12=000000003e778000 R13=000000003fe8bf18 R14=0000000000000001 R15=0000000000000001
RIP=000000003e88ed47 RFL=00000202 [-------] CPL=0 II=0 A20=1 SMM=0 HLT=0
ES =0030 0000000000000000 ffffffff 00cf9300 DPL=0 DS   [-WA]
CS =0038 0000000000000000 ffffffff 00af9a00 DPL=0 CS64 [-R-]
SS =0030 0000000000000000 ffffffff 00cf9300 DPL=0 DS   [-WA]
DS =0030 0000000000000000 ffffffff 00cf9300 DPL=0 DS   [-WA]
FS =0030 0000000000000000 ffffffff 00cf9300 DPL=0 DS   [-WA]
GS =0030 0000000000000000 ffffffff 00cf9300 DPL=0 DS   [-WA]
LDT=0000 0000000000000000 0000ffff 00008200 DPL=0 LDT
TR =0048 000000003f5db058 00000067 00008900 DPL=0 TSS64-avl
GDT=     000000003f5db000 00000057
IDT=     000000003f0be018 00000fff
CR0=80010033 CR2=0000000000000000 CR3=000000003f801000 CR4=00000668
DR0=0000000000000000 DR1=0000000000000000 DR2=0000000000000000 DR3=0000000000000000 
DR6=00000000ffff0ff0 DR7=0000000000000400
CCS=0000000000000000 CCD=0000000000000137 CCO=EFLAGS
EFER=0000000000000d00
Servicing hardware INT=0x20
    99: v=20 e=0000 i=0 cpl=0 IP=0038:000000003e88ed47 pc=000000003e88ed47 SP=0030:000000003fe8ba40 env->regs[R_EAX]=0000000000000071
RAX=0000000000000071 RBX=0000000000000064 RCX=000000000000b008 RDX=0000000000894fd7
RSI=0000000000895048 RDI=000000003e783b68 RBP=000000003fe8ba70 RSP=000000003fe8ba40
R8 =000000003fe8ba6f R9 =000000000000b008 R10=0000000000000000 R11=0000000000000000
R12=000000003e74f000 R13=000000003fe8bdb8 R14=0000000000000001 R15=0000000000000001
RIP=000000003e88ed47 RFL=00000206 [-----P-] CPL=0 II=0 A20=1 SMM=0 HLT=0
ES =0030 0000000000000000 ffffffff 00cf9300 DPL=0 DS   [-WA]
CS =0038 0000000000000000 ffffffff 00af9a00 DPL=0 CS64 [-R-]
SS =0030 0000000000000000 ffffffff 00cf9300 DPL=0 DS   [-WA]
DS =0030 0000000000000000 ffffffff 00cf9300 DPL=0 DS   [-WA]
FS =0030 0000000000000000 ffffffff 00cf9300 DPL=0 DS   [-WA]
GS =0030 0000000000000000 ffffffff 00cf9300 DPL=0 DS   [-WA]
LDT=0000 0000000000000000 0000ffff 00008200 DPL=0 LDT
TR =0048 000000003f5db058 00000067 00008900 DPL=0 TSS64-avl
GDT=     000000003f5db000 00000057
IDT=     000000003f0be018 00000fff
CR0=80010033 CR2=0000000000000000 CR3=000000003f801000 CR4=00000668
DR0=0000000000000000 DR1=0000000000000000 DR2=0000000000000000 DR3=0000000000000000 
DR6=00000000ffff0ff0 DR7=0000000000000400
CCS=0000000000000004 CCD=0000000000000071 CCO=EFLAGS
EFER=0000000000000d00
Servicing hardware INT=0x20
   100: v=20 e=0000 i=0 cpl=0 IP=0038:000000003e88ed47 pc=000000003e88ed47 SP=0030:000000003fe8b860 env->regs[R_EAX]=0000000000000147
RAX=0000000000000147 RBX=0000000000000064 RCX=000000000000b008 RDX=000000000089daef
RSI=000000000089dc36 RDI=000000003e783b68 RBP=000000003fe8b890 RSP=000000003fe8b860
R8 =000000003fe8b88f R9 =000000000000b008 R10=0000000000000000 R11=0000000000000000
R12=000000003e779000 R13=000000003fe8bbd8 R14=0000000000000001 R15=0000000000000001
RIP=000000003e88ed47 RFL=00000206 [-----P-] CPL=0 II=0 A20=1 SMM=0 HLT=0
ES =0030 0000000000000000 ffffffff 00cf9300 DPL=0 DS   [-WA]
CS =0038 0000000000000000 ffffffff 00af9a00 DPL=0 CS64 [-R-]
SS =0030 0000000000000000 ffffffff 00cf9300 DPL=0 DS   [-WA]
DS =0030 0000000000000000 ffffffff 00cf9300 DPL=0 DS   [-WA]
FS =0030 0000000000000000 ffffffff 00cf9300 DPL=0 DS   [-WA]
GS =0030 0000000000000000 ffffffff 00cf9300 DPL=0 DS   [-WA]
LDT=0000 0000000000000000 0000ffff 00008200 DPL=0 LDT
TR =0048 000000003f5db058 00000067 00008900 DPL=0 TSS64-avl
GDT=     000000003f5db000 00000057
IDT=     000000003f0be018 00000fff
CR0=80010033 CR2=0000000000000000 CR3=000000003f801000 CR4=00000668
DR0=0000000000000000 DR1=0000000000000000 DR2=0000000000000000 DR3=0000000000000000 
DR6=00000000ffff0ff0 DR7=0000000000000400
CCS=0000000000000004 CCD=0000000000000147 CCO=EFLAGS
EFER=0000000000000d00
Servicing hardware INT=0x20
   101: v=20 e=0000 i=0 cpl=0 IP=0038:000000003e88ed47 pc=000000003e88ed47 SP=0030:000000003fe8b5e0 env->regs[R_EAX]=000000000000008e
RAX=000000000000008e RBX=0000000000000064 RCX=000000000000b008 RDX=00000000008a6a60
RSI=00000000008a6aee RDI=000000003e783b68 RBP=000000003fe8b610 RSP=000000003fe8b5e0
R8 =000000003fe8b60f R9 =000000000000b008 R10=0000000000000000 R11=0000000000000000
R12=000000003e72f000 R13=000000003fe8b958 R14=0000000000000001 R15=0000000000000001
RIP=000000003e88ed47 RFL=00000206 [-----P-] CPL=0 II=0 A20=1 SMM=0 HLT=0
ES =0030 0000000000000000 ffffffff 00cf9300 DPL=0 DS   [-WA]
CS =0038 0000000000000000 ffffffff 00af9a00 DPL=0 CS64 [-R-]
SS =0030 0000000000000000 ffffffff 00cf9300 DPL=0 DS   [-WA]
DS =0030 0000000000000000 ffffffff 00cf9300 DPL=0 DS   [-WA]
FS =0030 0000000000000000 ffffffff 00cf9300 DPL=0 DS   [-WA]
GS =0030 0000000000000000 ffffffff 00cf9300 DPL=0 DS   [-WA]
LDT=0000 0000000000000000 0000ffff 00008200 DPL=0 LDT
TR =0048 000000003f5db058 00000067 00008900 DPL=0 TSS64-avl
GDT=     000000003f5db000 00000057
IDT=     000000003f0be018 00000fff
CR0=80010033 CR2=0000000000000000 CR3=000000003f801000 CR4=00000668
DR0=0000000000000000 DR1=0000000000000000 DR2=0000000000000000 DR3=0000000000000000 
DR6=00000000ffff0ff0 DR7=0000000000000400
CCS=0000000000000004 CCD=000000000000008e CCO=EFLAGS
EFER=0000000000000d00
Servicing hardware INT=0x20
   102: v=20 e=0000 i=0 cpl=0 IP=0038:000000003e88ed47 pc=000000003e88ed47 SP=0030:000000003fe8b650 env->regs[R_EAX]=0000000000000059
RAX=0000000000000059 RBX=0000000000000064 RCX=000000000000b008 RDX=00000000008afd7d
RSI=00000000008afdd6 RDI=000000003e783b68 RBP=000000003fe8b680 RSP=000000003fe8b650
R8 =000000003fe8b67f R9 =000000000000b008 R10=0000000000000000 R11=0000000000000000
R12=000000003e4b0600 R13=000000003fe8b9c8 R14=0000000000000001 R15=0000000000000001
RIP=000000003e88ed47 RFL=00000206 [-----P-] CPL=0 II=0 A20=1 SMM=0 HLT=0
ES =0030 0000000000000000 ffffffff 00cf9300 DPL=0 DS   [-WA]
CS =0038 0000000000000000 ffffffff 00af9a00 DPL=0 CS64 [-R-]
SS =0030 0000000000000000 ffffffff 00cf9300 DPL=0 DS   [-WA]
DS =0030 0000000000000000 ffffffff 00cf9300 DPL=0 DS   [-WA]
FS =0030 0000000000000000 ffffffff 00cf9300 DPL=0 DS   [-WA]
GS =0030 0000000000000000 ffffffff 00cf9300 DPL=0 DS   [-WA]
LDT=0000 0000000000000000 0000ffff 00008200 DPL=0 LDT
TR =0048 000000003f5db058 00000067 00008900 DPL=0 TSS64-avl
GDT=     000000003f5db000 00000057
IDT=     000000003f0be018 00000fff
CR0=80010033 CR2=0000000000000000 CR3=000000003f801000 CR4=00000668
DR0=0000000000000000 DR1=0000000000000000 DR2=0000000000000000 DR3=0000000000000000 
DR6=00000000ffff0ff0 DR7=0000000000000400
CCS=0000000000000004 CCD=0000000000000059 CCO=EFLAGS
EFER=0000000000000d00
Servicing hardware INT=0x20
   103: v=20 e=0000 i=0 cpl=0 IP=0038:000000003e88ed47 pc=000000003e88ed47 SP=0030:000000003fe8bc00 env->regs[R_EAX]=000000000000043b
RAX=000000000000043b RBX=0000000000000190 RCX=000000000000b008 RDX=00000000008b7fc2
RSI=00000000008b83fd RDI=000000003fe8bd50 RBP=000000003fe8bc30 RSP=000000003fe8bc00
R8 =000000003fe8bc50 R9 =000000000000b008 R10=0000000000000000 R11=0000000000000000
R12=000000000004baf1 R13=000000003e783aa0 R14=00000000ffffff00 R15=00000000ffffffe0
RIP=000000003e88ed47 RFL=00000202 [-------] CPL=0 II=0 A20=1 SMM=0 HLT=0
ES =0030 0000000000000000 ffffffff 00cf9300 DPL=0 DS   [-WA]
CS =0038 0000000000000000 ffffffff 00af9a00 DPL=0 CS64 [-R-]
SS =0030 0000000000000000 ffffffff 00cf9300 DPL=0 DS   [-WA]
DS =0030 0000000000000000 ffffffff 00cf9300 DPL=0 DS   [-WA]
FS =0030 0000000000000000 ffffffff 00cf9300 DPL=0 DS   [-WA]
GS =0030 0000000000000000 ffffffff 00cf9300 DPL=0 DS   [-WA]
LDT=0000 0000000000000000 0000ffff 00008200 DPL=0 LDT
TR =0048 000000003f5db058 00000067 00008900 DPL=0 TSS64-avl
GDT=     000000003f5db000 00000057
IDT=     000000003f0be018 00000fff
CR0=80010033 CR2=0000000000000000 CR3=000000003f801000 CR4=00000668
DR0=0000000000000000 DR1=0000000000000000 DR2=0000000000000000 DR3=0000000000000000 
DR6=00000000ffff0ff0 DR7=0000000000000400
CCS=0000000000000000 CCD=000000000000043b CCO=EFLAGS
EFER=0000000000000d00
Servicing hardware INT=0x20
   104: v=20 e=0000 i=0 cpl=0 IP=0038:000000003e88ed47 pc=000000003e88ed47 SP=0030:000000003fe8bc80 env->regs[R_EAX]=00000000000000a4
RAX=00000000000000a4 RBX=0000000000000064 RCX=000000000000b008 RDX=00000000008c0b8e
RSI=00000000008c0c32 RDI=000000003e783b68 RBP=000000003fe8bcb0 RSP=000000003fe8bc80
R8 =000000003fe8bcaf R9 =000000000000b008 R10=0000000000000000 R11=0000000000000000
R12=000000003e377c00 R13=000000003fe8bff8 R14=0000000000000001 R15=0000000000000001
RIP=000000003e88ed47 RFL=00000202 [-------] CPL=0 II=0 A20=1 SMM=0 HLT=0
ES =0030 0000000000000000 ffffffff 00cf9300 DPL=0 DS   [-WA]
CS =0038 0000000000000000 ffffffff 00af9a00 DPL=0 CS64 [-R-]
SS =0030 0000000000000000 ffffffff 00cf9300 DPL=0 DS   [-WA]
DS =0030 0000000000000000 ffffffff 00cf9300 DPL=0 DS   [-WA]
FS =0030 0000000000000000 ffffffff 00cf9300 DPL=0 DS   [-WA]
GS =0030 0000000000000000 ffffffff 00cf9300 DPL=0 DS   [-WA]
LDT=0000 0000000000000000 0000ffff 00008200 DPL=0 LDT
TR =0048 000000003f5db058 00000067 00008900 DPL=0 TSS64-avl
GDT=     000000003f5db000 00000057
IDT=     000000003f0be018 00000fff
CR0=80010033 CR2=0000000000000000 CR3=000000003f801000 CR4=00000668
DR0=0000000000000000 DR1=0000000000000000 DR2=0000000000000000 DR3=0000000000000000 
DR6=00000000ffff0ff0 DR7=0000000000000400
CCS=0000000000000000 CCD=00000000000000a4 CCO=EFLAGS
EFER=0000000000000d00
Servicing hardware INT=0x20
   105: v=20 e=0000 i=0 cpl=0 IP=0038:000000003f0c06ac pc=000000003f0c06ac SP=0030:000000003fe8bbc0 env->regs[R_EAX]=0000000000000058
RAX=0000000000000058 RBX=000000003fe8bccf RCX=0000000000000000 RDX=0000000000000177
RSI=0000000000000000 RDI=0000000000000001 RBP=000000003fe8bc10 RSP=000000003fe8bbc0
R8 =000000003fe8bccf R9 =0000000000000177 R10=0000000000000000 R11=0000000000000000
R12=0000000000000177 R13=0000000000000001 R14=0000000000000001 R15=0000000000000001
RIP=000000003f0c06ac RFL=00000246 [---Z-P-] CPL=0 II=0 A20=1 SMM=0 HLT=0
ES =0030 0000000000000000 ffffffff 00cf9300 DPL=0 DS   [-WA]
CS =0038 0000000000000000 ffffffff 00af9a00 DPL=0 CS64 [-R-]
SS =0030 0000000000000000 ffffffff 00cf9300 DPL=0 DS   [-WA]
DS =0030 0000000000000000 ffffffff 00cf9300 DPL=0 DS   [-WA]
FS =0030 0000000000000000 ffffffff 00cf9300 DPL=0 DS   [-WA]
GS =0030 0000000000000000 ffffffff 00cf9300 DPL=0 DS   [-WA]
LDT=0000 0000000000000000 0000ffff 00008200 DPL=0 LDT
TR =0048 000000003f5db058 00000067 00008900 DPL=0 TSS64-avl
GDT=     000000003f5db000 00000057
IDT=     000000003f0be018 00000fff
CR0=80010033 CR2=0000000000000000 CR3=000000003f801000 CR4=00000668
DR0=0000000000000000 DR1=0000000000000000 DR2=0000000000000000 DR3=0000000000000000 
DR6=00000000ffff0ff0 DR7=0000000000000400
CCS=0000000000000044 CCD=0000000000000000 CCO=EFLAGS
EFER=0000000000000d00
Servicing hardware INT=0x20
   106: v=20 e=0000 i=0 cpl=0 IP=0038:000000003e88ed47 pc=000000003e88ed47 SP=0030:000000003fe8bc60 env->regs[R_EAX]=000000000000035f
RAX=000000000000035f RBX=0000000000000190 RCX=000000000000b008 RDX=00000000008d2622
RSI=00000000008d2981 RDI=000000003fe8bdb0 RBP=000000003fe8bc90 RSP=000000003fe8bc60
R8 =000000003fe8bcb0 R9 =000000000000b008 R10=0000000000000000 R11=0000000000000000
R12=00000000000493e1 R13=000000003e783aa0 R14=00000000ffffff00 R15=00000000ffffffe0
RIP=000000003e88ed47 RFL=00000206 [-----P-] CPL=0 II=0 A20=1 SMM=0 HLT=0
ES =0030 0000000000000000 ffffffff 00cf9300 DPL=0 DS   [-WA]
CS =0038 0000000000000000 ffffffff 00af9a00 DPL=0 CS64 [-R-]
SS =0030 0000000000000000 ffffffff 00cf9300 DPL=0 DS   [-WA]
DS =0030 0000000000000000 ffffffff 00cf9300 DPL=0 DS   [-WA]
FS =0030 0000000000000000 ffffffff 00cf9300 DPL=0 DS   [-WA]
GS =0030 0000000000000000 ffffffff 00cf9300 DPL=0 DS   [-WA]
LDT=0000 0000000000000000 0000ffff 00008200 DPL=0 LDT
TR =0048 000000003f5db058 00000067 00008900 DPL=0 TSS64-avl
GDT=     000000003f5db000 00000057
IDT=     000000003f0be018 00000fff
CR0=80010033 CR2=0000000000000000 CR3=000000003f801000 CR4=00000668
DR0=0000000000000000 DR1=0000000000000000 DR2=0000000000000000 DR3=0000000000000000 
DR6=00000000ffff0ff0 DR7=0000000000000400
CCS=0000000000000004 CCD=000000000000035f CCO=EFLAGS
EFER=0000000000000d00
Servicing hardware INT=0x20
   107: v=20 e=0000 i=0 cpl=0 IP=0038:000000003fea4a6c pc=000000003fea4a6c SP=0030:000000003fe8c520 env->regs[R_EAX]=00000000000000af
RAX=00000000000000af RBX=000000003e3b2018 RCX=0000000000000000 RDX=000000003e3b2018
RSI=000000003e3b5000 RDI=000000003e3b4ab8 RBP=000000003fe8c5a0 RSP=000000003fe8c520
R8 =00000000000000af R9 =0000000000003000 R10=000000003e3a4001 R11=00000000000107a0
R12=0000000000002ac8 R13=0000000000000003 R14=0000000000000000 R15=000000003e3b2000
RIP=000000003fea4a6c RFL=00000206 [-----P-] CPL=0 II=0 A20=1 SMM=0 HLT=0
ES =0030 0000000000000000 ffffffff 00cf9300 DPL=0 DS   [-WA]
CS =0038 0000000000000000 ffffffff 00af9a00 DPL=0 CS64 [-R-]
SS =0030 0000000000000000 ffffffff 00cf9300 DPL=0 DS   [-WA]
DS =0030 0000000000000000 ffffffff 00cf9300 DPL=0 DS   [-WA]
FS =0030 0000000000000000 ffffffff 00cf9300 DPL=0 DS   [-WA]
GS =0030 0000000000000000 ffffffff 00cf9300 DPL=0 DS   [-WA]
LDT=0000 0000000000000000 0000ffff 00008200 DPL=0 LDT
TR =0048 000000003f5db058 00000067 00008900 DPL=0 TSS64-avl
GDT=     000000003f5db000 00000057
IDT=     000000003f0be018 00000fff
CR0=80010033 CR2=0000000000000000 CR3=000000003f801000 CR4=00000668
DR0=0000000000000000 DR1=0000000000000000 DR2=0000000000000000 DR3=0000000000000000 
DR6=00000000ffff0ff0 DR7=0000000000000400
CCS=0000000000000004 CCD=0000000000002aa0 CCO=EFLAGS
EFER=0000000000000d00
Servicing hardware INT=0x20
   108: v=20 e=0000 i=0 cpl=0 IP=0038:000000003e366ec0 pc=000000003e366ec0 SP=0030:000000003fe8c600 env->regs[R_EAX]=0000000000000000
RAX=0000000000000000 RBX=0000000000100000 RCX=0000000000070001 RDX=0000000000100000
RSI=0000000000000000 RDI=000000003dcc9fff RBP=000000003fe8c650 RSP=000000003fe8c600
R8 =0000000000000084 R9 =0000000000000002 R10=0000000000000189 R11=00000000000a0000
R12=000000003fe8c618 R13=00000000ffffffff R14=000000003e3ae018 R15=000000003dc3a000
RIP=000000003e366ec0 RFL=00010246 [---Z-P-] CPL=0 II=0 A20=1 SMM=0 HLT=0
ES =0030 0000000000000000 ffffffff 00cf9300 DPL=0 DS   [-WA]
CS =0038 0000000000000000 ffffffff 00af9a00 DPL=0 CS64 [-R-]
SS =0030 0000000000000000 ffffffff 00cf9300 DPL=0 DS   [-WA]
DS =0030 0000000000000000 ffffffff 00cf9300 DPL=0 DS   [-WA]
FS =0030 0000000000000000 ffffffff 00cf9300 DPL=0 DS   [-WA]
GS =0030 0000000000000000 ffffffff 00cf9300 DPL=0 DS   [-WA]
LDT=0000 0000000000000000 0000ffff 00008200 DPL=0 LDT
TR =0048 000000003f5db058 00000067 00008900 DPL=0 TSS64-avl
GDT=     000000003f5db000 00000057
IDT=     000000003f0be018 00000fff
CR0=80010033 CR2=0000000000000000 CR3=000000003f801000 CR4=00000668
DR0=0000000000000000 DR1=0000000000000000 DR2=0000000000000000 DR3=0000000000000000 
DR6=00000000ffff0ff0 DR7=0000000000000400
CCS=0000000000000044 CCD=000000003fe8c5d8 CCO=EFLAGS
EFER=0000000000000d00
Servicing hardware INT=0x20
   109: v=20 e=0000 i=0 cpl=0 IP=0038:000000003e366ec0 pc=000000003e366ec0 SP=0030:000000003fe8c600 env->regs[R_EAX]=0000000000000000
RAX=0000000000000000 RBX=0000000000100000 RCX=00000000000a0001 RDX=0000000000100000
RSI=0000000000000000 RDI=000000003d599fff RBP=000000003fe8c650 RSP=000000003fe8c600
R8 =000000000000008b R9 =0000000000000002 R10=000000000000019e R11=00000000000a0000
R12=000000003fe8c618 R13=00000000ffffffff R14=000000003e3ae018 R15=000000003d53a000
RIP=000000003e366ec0 RFL=00010246 [---Z-P-] CPL=0 II=0 A20=1 SMM=0 HLT=0
ES =0030 0000000000000000 ffffffff 00cf9300 DPL=0 DS   [-WA]
CS =0038 0000000000000000 ffffffff 00af9a00 DPL=0 CS64 [-R-]
SS =0030 0000000000000000 ffffffff 00cf9300 DPL=0 DS   [-WA]
DS =0030 0000000000000000 ffffffff 00cf9300 DPL=0 DS   [-WA]
FS =0030 0000000000000000 ffffffff 00cf9300 DPL=0 DS   [-WA]
GS =0030 0000000000000000 ffffffff 00cf9300 DPL=0 DS   [-WA]
LDT=0000 0000000000000000 0000ffff 00008200 DPL=0 LDT
TR =0048 000000003f5db058 00000067 00008900 DPL=0 TSS64-avl
GDT=     000000003f5db000 00000057
IDT=     000000003f0be018 00000fff
CR0=80010033 CR2=0000000000000000 CR3=000000003f801000 CR4=00000668
DR0=0000000000000000 DR1=0000000000000000 DR2=0000000000000000 DR3=0000000000000000 
DR6=00000000ffff0ff0 DR7=0000000000000400
CCS=0000000000000044 CCD=000000003fe8c5d8 CCO=EFLAGS
EFER=0000000000000d00
Servicing hardware INT=0x20
   110: v=20 e=0000 i=0 cpl=0 IP=0038:000000003e35faea pc=000000003e35faea SP=0030:000000003fe8c5a0 env->regs[R_EAX]=0000000000000094
RAX=0000000000000094 RBX=000000003e3aea58 RCX=ffffffffffffffff RDX=000000003e3ae001
RSI=0000000000813000 RDI=000000003e3ae018 RBP=000000003fe8c600 RSP=000000003fe8c5a0
R8 =000000003e3ae000 R9 =0000000000814000 R10=0000000000000009 R11=000000003e3ae0f0
R12=000000003ec7c000 R13=000000003ec82000 R14=000000000000006d R15=0000000000813000
RIP=000000003e35faea RFL=00000297 [--S-APC] CPL=0 II=0 A20=1 SMM=0 HLT=0
ES =0030 0000000000000000 ffffffff 00cf9300 DPL=0 DS   [-WA]
CS =0038 0000000000000000 ffffffff 00af9a00 DPL=0 CS64 [-R-]
SS =0030 0000000000000000 ffffffff 00cf9300 DPL=0 DS   [-WA]
DS =0030 0000000000000000 ffffffff 00cf9300 DPL=0 DS   [-WA]
FS =0030 0000000000000000 ffffffff 00cf9300 DPL=0 DS   [-WA]
GS =0030 0000000000000000 ffffffff 00cf9300 DPL=0 DS   [-WA]
LDT=0000 0000000000000000 0000ffff 00008200 DPL=0 LDT
TR =0048 000000003f5db058 00000067 00008900 DPL=0 TSS64-avl
GDT=     000000003f5db000 00000057
IDT=     000000003f0be018 00000fff
CR0=80010033 CR2=0000000000000000 CR3=000000003f801000 CR4=00000668
DR0=0000000000000000 DR1=0000000000000000 DR2=0000000000000000 DR3=0000000000000000 
DR6=00000000ffff0ff0 DR7=0000000000000400
CCS=0000000000000095 CCD=0000000000812fff CCO=EFLAGS
EFER=0000000000000d00
Servicing hardware INT=0x20
   111: v=20 e=0000 i=0 cpl=0 IP=0038:000000003e366ec0 pc=000000003e366ec0 SP=0030:000000003fe8c600 env->regs[R_EAX]=0000000000000000
RAX=0000000000000000 RBX=0000000000100000 RCX=0000000000090001 RDX=0000000000100000
RSI=0000000000000000 RDI=000000003c5a9fff RBP=000000003fe8c650 RSP=000000003fe8c600
R8 =000000000000009b R9 =0000000000000002 R10=00000000000001ce R11=00000000000a0000
R12=000000003fe8c618 R13=00000000ffffffff R14=000000003e3ae018 R15=000000003c53a000
RIP=000000003e366ec0 RFL=00010246 [---Z-P-] CPL=0 II=0 A20=1 SMM=0 HLT=0
ES =0030 0000000000000000 ffffffff 00cf9300 DPL=0 DS   [-WA]
CS =0038 0000000000000000 ffffffff 00af9a00 DPL=0 CS64 [-R-]
SS =0030 0000000000000000 ffffffff 00cf9300 DPL=0 DS   [-WA]
DS =0030 0000000000000000 ffffffff 00cf9300 DPL=0 DS   [-WA]
FS =0030 0000000000000000 ffffffff 00cf9300 DPL=0 DS   [-WA]
GS =0030 0000000000000000 ffffffff 00cf9300 DPL=0 DS   [-WA]
LDT=0000 0000000000000000 0000ffff 00008200 DPL=0 LDT
TR =0048 000000003f5db058 00000067 00008900 DPL=0 TSS64-avl
GDT=     000000003f5db000 00000057
IDT=     000000003f0be018 00000fff
CR0=80010033 CR2=0000000000000000 CR3=000000003f801000 CR4=00000668
DR0=0000000000000000 DR1=0000000000000000 DR2=0000000000000000 DR3=0000000000000000 
DR6=00000000ffff0ff0 DR7=0000000000000400
CCS=0000000000000044 CCD=000000003fe8c5d8 CCO=EFLAGS
EFER=0000000000000d00
Servicing hardware INT=0x20
   112: v=20 e=0000 i=0 cpl=0 IP=0038:000000003e366ec0 pc=000000003e366ec0 SP=0030:000000003fe8c600 env->regs[R_EAX]=0000000000000000
RAX=0000000000000000 RBX=0000000000100000 RCX=0000000000090001 RDX=0000000000100000
RSI=0000000000000000 RDI=000000003bea9fff RBP=000000003fe8c650 RSP=000000003fe8c600
R8 =00000000000000a2 R9 =0000000000000002 R10=00000000000001e3 R11=00000000000a0000
R12=000000003fe8c618 R13=00000000ffffffff R14=000000003e3ae018 R15=000000003be3a000
RIP=000000003e366ec0 RFL=00010246 [---Z-P-] CPL=0 II=0 A20=1 SMM=0 HLT=0
ES =0030 0000000000000000 ffffffff 00cf9300 DPL=0 DS   [-WA]
CS =0038 0000000000000000 ffffffff 00af9a00 DPL=0 CS64 [-R-]
SS =0030 0000000000000000 ffffffff 00cf9300 DPL=0 DS   [-WA]
DS =0030 0000000000000000 ffffffff 00cf9300 DPL=0 DS   [-WA]
FS =0030 0000000000000000 ffffffff 00cf9300 DPL=0 DS   [-WA]
GS =0030 0000000000000000 ffffffff 00cf9300 DPL=0 DS   [-WA]
LDT=0000 0000000000000000 0000ffff 00008200 DPL=0 LDT
TR =0048 000000003f5db058 00000067 00008900 DPL=0 TSS64-avl
GDT=     000000003f5db000 00000057
IDT=     000000003f0be018 00000fff
CR0=80010033 CR2=0000000000000000 CR3=000000003f801000 CR4=00000668
DR0=0000000000000000 DR1=0000000000000000 DR2=0000000000000000 DR3=0000000000000000 
DR6=00000000ffff0ff0 DR7=0000000000000400
CCS=0000000000000044 CCD=000000003fe8c5d8 CCO=EFLAGS
EFER=0000000000000d00
Servicing hardware INT=0x20
   113: v=20 e=0000 i=0 cpl=0 IP=0038:000000003e366ec0 pc=000000003e366ec0 SP=0030:000000003fe8c600 env->regs[R_EAX]=0000000000000000
RAX=0000000000000000 RBX=0000000000100000 RCX=00000000000f0001 RDX=0000000000100000
RSI=0000000000000000 RDI=000000003b57bfff RBP=000000003fe8c650 RSP=000000003fe8c600
R8 =00000000000000aa R9 =0000000000000002 R10=00000000000001fb R11=00000000000a0000
R12=000000003fe8c618 R13=00000000ffffffff R14=000000003e3ae018 R15=000000003b56c000
RIP=000000003e366ec0 RFL=00010246 [---Z-P-] CPL=0 II=0 A20=1 SMM=0 HLT=0
ES =0030 0000000000000000 ffffffff 00cf9300 DPL=0 DS   [-WA]
CS =0038 0000000000000000 ffffffff 00af9a00 DPL=0 CS64 [-R-]
SS =0030 0000000000000000 ffffffff 00cf9300 DPL=0 DS   [-WA]
DS =0030 0000000000000000 ffffffff 00cf9300 DPL=0 DS   [-WA]
FS =0030 0000000000000000 ffffffff 00cf9300 DPL=0 DS   [-WA]
GS =0030 0000000000000000 ffffffff 00cf9300 DPL=0 DS   [-WA]
LDT=0000 0000000000000000 0000ffff 00008200 DPL=0 LDT
TR =0048 000000003f5db058 00000067 00008900 DPL=0 TSS64-avl
GDT=     000000003f5db000 00000057
IDT=     000000003f0be018 00000fff
CR0=80010033 CR2=0000000000000000 CR3=000000003f801000 CR4=00000668
DR0=0000000000000000 DR1=0000000000000000 DR2=0000000000000000 DR3=0000000000000000 
DR6=00000000ffff0ff0 DR7=0000000000000400
CCS=0000000000000044 CCD=000000003fe8c5d8 CCO=EFLAGS
EFER=0000000000000d00
Servicing hardware INT=0x20
   114: v=20 e=0000 i=0 cpl=0 IP=0038:000000003e366ec0 pc=000000003e366ec0 SP=0030:000000003fe8c600 env->regs[R_EAX]=0000000000000000
RAX=0000000000000000 RBX=0000000000100000 RCX=0000000000030001 RDX=0000000000100000
RSI=0000000000000000 RDI=000000003af3bfff RBP=000000003fe8c650 RSP=000000003fe8c600
R8 =00000000000000b1 R9 =0000000000000002 R10=0000000000000210 R11=00000000000a0000
R12=000000003fe8c618 R13=00000000ffffffff R14=000000003e3ae018 R15=000000003ae6c000
RIP=000000003e366ec0 RFL=00010246 [---Z-P-] CPL=0 II=0 A20=1 SMM=0 HLT=0
ES =0030 0000000000000000 ffffffff 00cf9300 DPL=0 DS   [-WA]
CS =0038 0000000000000000 ffffffff 00af9a00 DPL=0 CS64 [-R-]
SS =0030 0000000000000000 ffffffff 00cf9300 DPL=0 DS   [-WA]
DS =0030 0000000000000000 ffffffff 00cf9300 DPL=0 DS   [-WA]
FS =0030 0000000000000000 ffffffff 00cf9300 DPL=0 DS   [-WA]
GS =0030 0000000000000000 ffffffff 00cf9300 DPL=0 DS   [-WA]
LDT=0000 0000000000000000 0000ffff 00008200 DPL=0 LDT
TR =0048 000000003f5db058 00000067 00008900 DPL=0 TSS64-avl
GDT=     000000003f5db000 00000057
IDT=     000000003f0be018 00000fff
CR0=80010033 CR2=0000000000000000 CR3=000000003f801000 CR4=00000668
DR0=0000000000000000 DR1=0000000000000000 DR2=0000000000000000 DR3=0000000000000000 
DR6=00000000ffff0ff0 DR7=0000000000000400
CCS=0000000000000044 CCD=000000003fe8c5d8 CCO=EFLAGS
EFER=0000000000000d00
Servicing hardware INT=0x20
   115: v=20 e=0000 i=0 cpl=0 IP=0038:000000003e366ec0 pc=000000003e366ec0 SP=0030:000000003fe8c600 env->regs[R_EAX]=0000000000000000
RAX=0000000000000000 RBX=0000000000100000 RCX=00000000000a0001 RDX=0000000000100000
RSI=0000000000000000 RDI=000000003a6cbfff RBP=000000003fe8c650 RSP=000000003fe8c600
R8 =00000000000000b9 R9 =0000000000000002 R10=0000000000000228 R11=00000000000a0000
R12=000000003fe8c618 R13=00000000ffffffff R14=000000003e3ae018 R15=000000003a66c000
RIP=000000003e366ec0 RFL=00010246 [---Z-P-] CPL=0 II=0 A20=1 SMM=0 HLT=0
ES =0030 0000000000000000 ffffffff 00cf9300 DPL=0 DS   [-WA]
CS =0038 0000000000000000 ffffffff 00af9a00 DPL=0 CS64 [-R-]
SS =0030 0000000000000000 ffffffff 00cf9300 DPL=0 DS   [-WA]
DS =0030 0000000000000000 ffffffff 00cf9300 DPL=0 DS   [-WA]
FS =0030 0000000000000000 ffffffff 00cf9300 DPL=0 DS   [-WA]
GS =0030 0000000000000000 ffffffff 00cf9300 DPL=0 DS   [-WA]
LDT=0000 0000000000000000 0000ffff 00008200 DPL=0 LDT
TR =0048 000000003f5db058 00000067 00008900 DPL=0 TSS64-avl
GDT=     000000003f5db000 00000057
IDT=     000000003f0be018 00000fff
CR0=80010033 CR2=0000000000000000 CR3=000000003f801000 CR4=00000668
DR0=0000000000000000 DR1=0000000000000000 DR2=0000000000000000 DR3=0000000000000000 
DR6=00000000ffff0ff0 DR7=0000000000000400
CCS=0000000000000044 CCD=000000003fe8c5d8 CCO=EFLAGS
EFER=0000000000000d00
Servicing hardware INT=0x20
   116: v=20 e=0000 i=0 cpl=0 IP=0038:000000003e80d6fa pc=000000003e80d6fa SP=0030:000000003fe8c470 env->regs[R_EAX]=0000000000000000
RAX=0000000000000000 RBX=0000000080000000 RCX=00000000000d0001 RDX=0000000080000000
RSI=0000000000000004 RDI=00000000800a7ffc RBP=000000003fe8c510 RSP=000000003fe8c470
R8 =0000000000000000 R9 =0000000000000320 R10=000000003fe8c628 R11=000000003fe8c628
R12=0000000000000000 R13=00000000003e8000 R14=000000003e7e7018 R15=0000000000000000
RIP=000000003e80d6fa RFL=00010246 [---Z-P-] CPL=0 II=0 A20=1 SMM=0 HLT=0
ES =0030 0000000000000000 ffffffff 00cf9300 DPL=0 DS   [-WA]
CS =0038 0000000000000000 ffffffff 00af9a00 DPL=0 CS64 [-R-]
SS =0030 0000000000000000 ffffffff 00cf9300 DPL=0 DS   [-WA]
DS =0030 0000000000000000 ffffffff 00cf9300 DPL=0 DS   [-WA]
FS =0030 0000000000000000 ffffffff 00cf9300 DPL=0 DS   [-WA]
GS =0030 0000000000000000 ffffffff 00cf9300 DPL=0 DS   [-WA]
LDT=0000 0000000000000000 0000ffff 00008200 DPL=0 LDT
TR =0048 000000003f5db058 00000067 00008900 DPL=0 TSS64-avl
GDT=     000000003f5db000 00000057
IDT=     000000003f0be018 00000fff
CR0=80010033 CR2=0000000000000000 CR3=000000003f801000 CR4=00000668
DR0=0000000000000000 DR1=0000000000000000 DR2=0000000000000000 DR3=0000000000000000 
DR6=00000000ffff0ff0 DR7=0000000000000400
CCS=0000000000000044 CCD=0000000000000000 CCO=EFLAGS
EFER=0000000000000d00
Servicing hardware INT=0x20
   117: v=20 e=0000 i=0 cpl=0 IP=0038:000000003e88ed47 pc=000000003e88ed47 SP=0030:000000003fe8bf40 env->regs[R_EAX]=0000000000000228
RAX=0000000000000228 RBX=0000000000000190 RCX=000000000000b008 RDX=0000000000932b90
RSI=0000000000932db8 RDI=000000003fe8c090 RBP=000000003fe8bf70 RSP=000000003fe8bf40
R8 =000000003fe8bf90 R9 =000000000000b008 R10=0000000000000000 R11=0000000000000000
R12=00000000000493e1 R13=000000003e783aa0 R14=00000000ffffff00 R15=00000000ffffffe0
RIP=000000003e88ed47 RFL=00000206 [-----P-] CPL=0 II=0 A20=1 SMM=0 HLT=0
ES =0030 0000000000000000 ffffffff 00cf9300 DPL=0 DS   [-WA]
CS =0038 0000000000000000 ffffffff 00af9a00 DPL=0 CS64 [-R-]
SS =0030 0000000000000000 ffffffff 00cf9300 DPL=0 DS   [-WA]
DS =0030 0000000000000000 ffffffff 00cf9300 DPL=0 DS   [-WA]
FS =0030 0000000000000000 ffffffff 00cf9300 DPL=0 DS   [-WA]
GS =0030 0000000000000000 ffffffff 00cf9300 DPL=0 DS   [-WA]
LDT=0000 0000000000000000 0000ffff 00008200 DPL=0 LDT
TR =0048 000000003f5db058 00000067 00008900 DPL=0 TSS64-avl
GDT=     000000003f5db000 00000057
IDT=     000000003f0be018 00000fff
CR0=80010033 CR2=0000000000000000 CR3=000000003f801000 CR4=00000668
DR0=0000000000000000 DR1=0000000000000000 DR2=0000000000000000 DR3=0000000000000000 
DR6=00000000ffff0ff0 DR7=0000000000000400
CCS=0000000000000004 CCD=0000000000000228 CCO=EFLAGS
EFER=0000000000000d00
Servicing hardware INT=0x20
   118: v=20 e=0000 i=0 cpl=0 IP=0038:000000003f0c06ac pc=000000003f0c06ac SP=0030:000000003fe8be10 env->regs[R_EAX]=0000000000000058
RAX=0000000000000058 RBX=000000003fe8bf1f RCX=0000000000000000 RDX=0000000000000376
RSI=0000000000000000 RDI=0000000000000001 RBP=000000003fe8be60 RSP=000000003fe8be10
R8 =000000003fe8bf1f R9 =0000000000000376 R10=0000000000000000 R11=0000000000000000
R12=0000000000000376 R13=0000000000000001 R14=0000000000000001 R15=0000000000000001
RIP=000000003f0c06ac RFL=00000246 [---Z-P-] CPL=0 II=0 A20=1 SMM=0 HLT=0
ES =0030 0000000000000000 ffffffff 00cf9300 DPL=0 DS   [-WA]
CS =0038 0000000000000000 ffffffff 00af9a00 DPL=0 CS64 [-R-]
SS =0030 0000000000000000 ffffffff 00cf9300 DPL=0 DS   [-WA]
DS =0030 0000000000000000 ffffffff 00cf9300 DPL=0 DS   [-WA]
FS =0030 0000000000000000 ffffffff 00cf9300 DPL=0 DS   [-WA]
GS =0030 0000000000000000 ffffffff 00cf9300 DPL=0 DS   [-WA]
LDT=0000 0000000000000000 0000ffff 00008200 DPL=0 LDT
TR =0048 000000003f5db058 00000067 00008900 DPL=0 TSS64-avl
GDT=     000000003f5db000 00000057
IDT=     000000003f0be018 00000fff
CR0=80010033 CR2=0000000000000000 CR3=000000003f801000 CR4=00000668
DR0=0000000000000000 DR1=0000000000000000 DR2=0000000000000000 DR3=0000000000000000 
DR6=00000000ffff0ff0 DR7=0000000000000400
CCS=0000000000000044 CCD=0000000000000000 CCO=EFLAGS
EFER=0000000000000d00
Servicing hardware INT=0x20
   119: v=20 e=0000 i=0 cpl=0 IP=0038:000000003f0c0e55 pc=000000003f0c0e55 SP=0030:000000003fe8bbb8 env->regs[R_EAX]=0000000000000000
RAX=0000000000000000 RBX=000000003fe13ffe RCX=0000000000000000 RDX=0000000000000170
RSI=0000000000000001 RDI=000000003fe23ffc RBP=000000003fe8bc10 RSP=000000003fe8bbb8
R8 =0000000000000000 R9 =0000000000000170 R10=0000000000000000 R11=0000000000000005
R12=0000000000000170 R13=0000000000007fff R14=0000000000000002 R15=0000000000000001
RIP=000000003f0c0e55 RFL=00000246 [---Z-P-] CPL=0 II=0 A20=1 SMM=0 HLT=0
ES =0030 0000000000000000 ffffffff 00cf9300 DPL=0 DS   [-WA]
CS =0038 0000000000000000 ffffffff 00af9a00 DPL=0 CS64 [-R-]
SS =0030 0000000000000000 ffffffff 00cf9300 DPL=0 DS   [-WA]
DS =0030 0000000000000000 ffffffff 00cf9300 DPL=0 DS   [-WA]
FS =0030 0000000000000000 ffffffff 00cf9300 DPL=0 DS   [-WA]
GS =0030 0000000000000000 ffffffff 00cf9300 DPL=0 DS   [-WA]
LDT=0000 0000000000000000 0000ffff 00008200 DPL=0 LDT
TR =0048 000000003f5db058 00000067 00008900 DPL=0 TSS64-avl
GDT=     000000003f5db000 00000057
IDT=     000000003f0be018 00000fff
CR0=80010033 CR2=0000000000000000 CR3=000000003f801000 CR4=00000668
DR0=0000000000000000 DR1=0000000000000000 DR2=0000000000000000 DR3=0000000000000000 
DR6=00000000ffff0ff0 DR7=0000000000000400
CCS=0000000000000044 CCD=0000000000000000 CCO=EFLAGS
EFER=0000000000000d00
Servicing hardware INT=0x20
   120: v=20 e=0000 i=0 cpl=0 IP=0038:000000003f0c06ac pc=000000003f0c06ac SP=0030:000000003fe8bbb0 env->regs[R_EAX]=0000000000000004
RAX=0000000000000004 RBX=000000003fe8bcbf RCX=0000000000000000 RDX=0000000000000174
RSI=0000000000000000 RDI=0000000000000001 RBP=000000003fe8bc00 RSP=000000003fe8bbb0
R8 =000000003fe8bcbf R9 =0000000000000174 R10=0000000000000000 R11=0000000000000000
R12=0000000000000174 R13=0000000000000001 R14=0000000000000001 R15=0000000000000001
RIP=000000003f0c06ac RFL=00000246 [---Z-P-] CPL=0 II=0 A20=1 SMM=0 HLT=0
ES =0030 0000000000000000 ffffffff 00cf9300 DPL=0 DS   [-WA]
CS =0038 0000000000000000 ffffffff 00af9a00 DPL=0 CS64 [-R-]
SS =0030 0000000000000000 ffffffff 00cf9300 DPL=0 DS   [-WA]
DS =0030 0000000000000000 ffffffff 00cf9300 DPL=0 DS   [-WA]
FS =0030 0000000000000000 ffffffff 00cf9300 DPL=0 DS   [-WA]
GS =0030 0000000000000000 ffffffff 00cf9300 DPL=0 DS   [-WA]
LDT=0000 0000000000000000 0000ffff 00008200 DPL=0 LDT
TR =0048 000000003f5db058 00000067 00008900 DPL=0 TSS64-avl
GDT=     000000003f5db000 00000057
IDT=     000000003f0be018 00000fff
CR0=80010033 CR2=0000000000000000 CR3=000000003f801000 CR4=00000668
DR0=0000000000000000 DR1=0000000000000000 DR2=0000000000000000 DR3=0000000000000000 
DR6=00000000ffff0ff0 DR7=0000000000000400
CCS=0000000000000044 CCD=0000000000000000 CCO=EFLAGS
EFER=0000000000000d00
Servicing hardware INT=0x20
   121: v=20 e=0000 i=0 cpl=0 IP=0038:000000003f0c06ac pc=000000003f0c06ac SP=0030:000000003fe8bbb0 env->regs[R_EAX]=00000000000000ff
RAX=00000000000000ff RBX=000000003fe8bcbf RCX=0000000000000000 RDX=0000000000000175
RSI=0000000000000000 RDI=0000000000000001 RBP=000000003fe8bc00 RSP=000000003fe8bbb0
R8 =000000003fe8bcbf R9 =0000000000000175 R10=0000000000000000 R11=0000000000000000
R12=0000000000000175 R13=0000000000000001 R14=0000000000000001 R15=0000000000000001
RIP=000000003f0c06ac RFL=00000246 [---Z-P-] CPL=0 II=0 A20=1 SMM=0 HLT=0
ES =0030 0000000000000000 ffffffff 00cf9300 DPL=0 DS   [-WA]
CS =0038 0000000000000000 ffffffff 00af9a00 DPL=0 CS64 [-R-]
SS =0030 0000000000000000 ffffffff 00cf9300 DPL=0 DS   [-WA]
DS =0030 0000000000000000 ffffffff 00cf9300 DPL=0 DS   [-WA]
FS =0030 0000000000000000 ffffffff 00cf9300 DPL=0 DS   [-WA]
GS =0030 0000000000000000 ffffffff 00cf9300 DPL=0 DS   [-WA]
LDT=0000 0000000000000000 0000ffff 00008200 DPL=0 LDT
TR =0048 000000003f5db058 00000067 00008900 DPL=0 TSS64-avl
GDT=     000000003f5db000 00000057
IDT=     000000003f0be018 00000fff
CR0=80010033 CR2=0000000000000000 CR3=000000003f801000 CR4=00000668
DR0=0000000000000000 DR1=0000000000000000 DR2=0000000000000000 DR3=0000000000000000 
DR6=00000000ffff0ff0 DR7=0000000000000400
CCS=0000000000000044 CCD=0000000000000000 CCO=EFLAGS
EFER=0000000000000d00
Servicing hardware INT=0x20
   122: v=20 e=0000 i=0 cpl=0 IP=0038:000000003f0c0e55 pc=000000003f0c0e55 SP=0030:000000003fe8bf98 env->regs[R_EAX]=0000000000000000
RAX=0000000000000000 RBX=000000003fe55000 RCX=0000000000000000 RDX=0000000000000170
RSI=0000000000000001 RDI=000000003fe64ffe RBP=000000003fe8bff0 RSP=000000003fe8bf98
R8 =0000000000000000 R9 =0000000000000170 R10=0000000000000000 R11=0000000000000005
R12=0000000000000170 R13=0000000000007fff R14=0000000000000002 R15=0000000000000001
RIP=000000003f0c0e55 RFL=00000246 [---Z-P-] CPL=0 II=0 A20=1 SMM=0 HLT=0
ES =0030 0000000000000000 ffffffff 00cf9300 DPL=0 DS   [-WA]
CS =0038 0000000000000000 ffffffff 00af9a00 DPL=0 CS64 [-R-]
SS =0030 0000000000000000 ffffffff 00cf9300 DPL=0 DS   [-WA]
DS =0030 0000000000000000 ffffffff 00cf9300 DPL=0 DS   [-WA]
FS =0030 0000000000000000 ffffffff 00cf9300 DPL=0 DS   [-WA]
GS =0030 0000000000000000 ffffffff 00cf9300 DPL=0 DS   [-WA]
LDT=0000 0000000000000000 0000ffff 00008200 DPL=0 LDT
TR =0048 000000003f5db058 00000067 00008900 DPL=0 TSS64-avl
GDT=     000000003f5db000 00000057
IDT=     000000003f0be018 00000fff
CR0=80010033 CR2=0000000000000000 CR3=000000003f801000 CR4=00000668
DR0=0000000000000000 DR1=0000000000000000 DR2=0000000000000000 DR3=0000000000000000 
DR6=00000000ffff0ff0 DR7=0000000000000400
CCS=0000000000000044 CCD=0000000000000000 CCO=EFLAGS
EFER=0000000000000d00
Servicing hardware INT=0x20
   123: v=20 e=0000 i=0 cpl=0 IP=0038:000000003f0c0e55 pc=000000003f0c0e55 SP=0030:000000003fe8bf98 env->regs[R_EAX]=0000000000000000
RAX=0000000000000000 RBX=000000003fe55000 RCX=0000000000000000 RDX=0000000000000170
RSI=0000000000000001 RDI=000000003fe64ffe RBP=000000003fe8bff0 RSP=000000003fe8bf98
R8 =0000000000000000 R9 =0000000000000170 R10=0000000000000000 R11=0000000000000005
R12=0000000000000170 R13=0000000000007fff R14=0000000000000002 R15=0000000000000001
RIP=000000003f0c0e55 RFL=00000246 [---Z-P-] CPL=0 II=0 A20=1 SMM=0 HLT=0
ES =0030 0000000000000000 ffffffff 00cf9300 DPL=0 DS   [-WA]
CS =0038 0000000000000000 ffffffff 00af9a00 DPL=0 CS64 [-R-]
SS =0030 0000000000000000 ffffffff 00cf9300 DPL=0 DS   [-WA]
DS =0030 0000000000000000 ffffffff 00cf9300 DPL=0 DS   [-WA]
FS =0030 0000000000000000 ffffffff 00cf9300 DPL=0 DS   [-WA]
GS =0030 0000000000000000 ffffffff 00cf9300 DPL=0 DS   [-WA]
LDT=0000 0000000000000000 0000ffff 00008200 DPL=0 LDT
TR =0048 000000003f5db058 00000067 00008900 DPL=0 TSS64-avl
GDT=     000000003f5db000 00000057
IDT=     000000003f0be018 00000fff
CR0=80010033 CR2=0000000000000000 CR3=000000003f801000 CR4=00000668
DR0=0000000000000000 DR1=0000000000000000 DR2=0000000000000000 DR3=0000000000000000 
DR6=00000000ffff0ff0 DR7=0000000000000400
CCS=0000000000000044 CCD=0000000000000000 CCO=EFLAGS
EFER=0000000000000d00
Servicing hardware INT=0x20
   124: v=20 e=0000 i=0 cpl=0 IP=0038:000000003f0c0e55 pc=000000003f0c0e55 SP=0030:000000003fe8bf98 env->regs[R_EAX]=0000000000000000
RAX=0000000000000000 RBX=000000003fe55000 RCX=0000000000000000 RDX=0000000000000170
RSI=0000000000000001 RDI=000000003fe64ffe RBP=000000003fe8bff0 RSP=000000003fe8bf98
R8 =0000000000000000 R9 =0000000000000170 R10=0000000000000000 R11=0000000000000005
R12=0000000000000170 R13=0000000000007fff R14=0000000000000002 R15=0000000000000001
RIP=000000003f0c0e55 RFL=00000246 [---Z-P-] CPL=0 II=0 A20=1 SMM=0 HLT=0
ES =0030 0000000000000000 ffffffff 00cf9300 DPL=0 DS   [-WA]
CS =0038 0000000000000000 ffffffff 00af9a00 DPL=0 CS64 [-R-]
SS =0030 0000000000000000 ffffffff 00cf9300 DPL=0 DS   [-WA]
DS =0030 0000000000000000 ffffffff 00cf9300 DPL=0 DS   [-WA]
FS =0030 0000000000000000 ffffffff 00cf9300 DPL=0 DS   [-WA]
GS =0030 0000000000000000 ffffffff 00cf9300 DPL=0 DS   [-WA]
LDT=0000 0000000000000000 0000ffff 00008200 DPL=0 LDT
TR =0048 000000003f5db058 00000067 00008900 DPL=0 TSS64-avl
GDT=     000000003f5db000 00000057
IDT=     000000003f0be018 00000fff
CR0=80010033 CR2=0000000000000000 CR3=000000003f801000 CR4=00000668
DR0=0000000000000000 DR1=0000000000000000 DR2=0000000000000000 DR3=0000000000000000 
DR6=00000000ffff0ff0 DR7=0000000000000400
CCS=0000000000000044 CCD=0000000000000000 CCO=EFLAGS
EFER=0000000000000d00
Servicing hardware INT=0x20
   125: v=20 e=0000 i=0 cpl=0 IP=0038:000000003e88ed47 pc=000000003e88ed47 SP=0030:000000003fe8bf40 env->regs[R_EAX]=00000000000000c4
RAX=00000000000000c4 RBX=0000000000000064 RCX=000000000000b008 RDX=0000000000978b01
RSI=0000000000978bc5 RDI=000000003e783b68 RBP=000000003fe8bf70 RSP=000000003fe8bf40
R8 =000000003fe8bf6f R9 =000000000000b008 R10=0000000000000000 R11=0000000000000000
R12=000000003fe55000 R13=000000003fe8c2b8 R14=0000000000000001 R15=0000000000000001
RIP=000000003e88ed47 RFL=00000202 [-------] CPL=0 II=0 A20=1 SMM=0 HLT=0
ES =0030 0000000000000000 ffffffff 00cf9300 DPL=0 DS   [-WA]
CS =0038 0000000000000000 ffffffff 00af9a00 DPL=0 CS64 [-R-]
SS =0030 0000000000000000 ffffffff 00cf9300 DPL=0 DS   [-WA]
DS =0030 0000000000000000 ffffffff 00cf9300 DPL=0 DS   [-WA]
FS =0030 0000000000000000 ffffffff 00cf9300 DPL=0 DS   [-WA]
GS =0030 0000000000000000 ffffffff 00cf9300 DPL=0 DS   [-WA]
LDT=0000 0000000000000000 0000ffff 00008200 DPL=0 LDT
TR =0048 000000003f5db058 00000067 00008900 DPL=0 TSS64-avl
GDT=     000000003f5db000 00000057
IDT=     000000003f0be018 00000fff
CR0=80010033 CR2=0000000000000000 CR3=000000003f801000 CR4=00000668
DR0=0000000000000000 DR1=0000000000000000 DR2=0000000000000000 DR3=0000000000000000 
DR6=00000000ffff0ff0 DR7=0000000000000400
CCS=0000000000000000 CCD=00000000000000c4 CCO=EFLAGS
EFER=0000000000000d00
Servicing hardware INT=0x20
   126: v=20 e=0000 i=0 cpl=0 IP=0038:000000003f0c0e55 pc=000000003f0c0e55 SP=0030:000000003fe8bdc8 env->regs[R_EAX]=0000000000000000
RAX=0000000000000000 RBX=000000003fe55000 RCX=0000000000000000 RDX=0000000000000170
RSI=0000000000000001 RDI=000000003fe64ffe RBP=000000003fe8be20 RSP=000000003fe8bdc8
R8 =0000000000000000 R9 =0000000000000170 R10=0000000000000000 R11=0000000000000005
R12=0000000000000170 R13=0000000000007fff R14=0000000000000002 R15=0000000000000001
RIP=000000003f0c0e55 RFL=00000246 [---Z-P-] CPL=0 II=0 A20=1 SMM=0 HLT=0
ES =0030 0000000000000000 ffffffff 00cf9300 DPL=0 DS   [-WA]
CS =0038 0000000000000000 ffffffff 00af9a00 DPL=0 CS64 [-R-]
SS =0030 0000000000000000 ffffffff 00cf9300 DPL=0 DS   [-WA]
DS =0030 0000000000000000 ffffffff 00cf9300 DPL=0 DS   [-WA]
FS =0030 0000000000000000 ffffffff 00cf9300 DPL=0 DS   [-WA]
GS =0030 0000000000000000 ffffffff 00cf9300 DPL=0 DS   [-WA]
LDT=0000 0000000000000000 0000ffff 00008200 DPL=0 LDT
TR =0048 000000003f5db058 00000067 00008900 DPL=0 TSS64-avl
GDT=     000000003f5db000 00000057
IDT=     000000003f0be018 00000fff
CR0=80010033 CR2=0000000000000000 CR3=000000003f801000 CR4=00000668
DR0=0000000000000000 DR1=0000000000000000 DR2=0000000000000000 DR3=0000000000000000 
DR6=00000000ffff0ff0 DR7=0000000000000400
CCS=0000000000000044 CCD=0000000000000000 CCO=EFLAGS
EFER=0000000000000d00
Servicing hardware INT=0x20
   127: v=20 e=0000 i=0 cpl=0 IP=0038:000000003e88ed47 pc=000000003e88ed47 SP=0030:000000003fe8bff0 env->regs[R_EAX]=00000000000004af
RAX=00000000000004af RBX=0000000000000190 RCX=000000000000b008 RDX=0000000000989d44
RSI=000000000098a1f3 RDI=000000003fe8c140 RBP=000000003fe8c020 RSP=000000003fe8bff0
R8 =000000003fe8c040 R9 =000000000000b008 R10=0000000000000000 R11=0000000000000000
R12=00000000000493e1 R13=000000003e783aa0 R14=00000000ffffff00 R15=00000000ffffffe0
RIP=000000003e88ed47 RFL=00000206 [-----P-] CPL=0 II=0 A20=1 SMM=0 HLT=0
ES =0030 0000000000000000 ffffffff 00cf9300 DPL=0 DS   [-WA]
CS =0038 0000000000000000 ffffffff 00af9a00 DPL=0 CS64 [-R-]
SS =0030 0000000000000000 ffffffff 00cf9300 DPL=0 DS   [-WA]
DS =0030 0000000000000000 ffffffff 00cf9300 DPL=0 DS   [-WA]
FS =0030 0000000000000000 ffffffff 00cf9300 DPL=0 DS   [-WA]
GS =0030 0000000000000000 ffffffff 00cf9300 DPL=0 DS   [-WA]
LDT=0000 0000000000000000 0000ffff 00008200 DPL=0 LDT
TR =0048 000000003f5db058 00000067 00008900 DPL=0 TSS64-avl
GDT=     000000003f5db000 00000057
IDT=     000000003f0be018 00000fff
CR0=80010033 CR2=0000000000000000 CR3=000000003f801000 CR4=00000668
DR0=0000000000000000 DR1=0000000000000000 DR2=0000000000000000 DR3=0000000000000000 
DR6=00000000ffff0ff0 DR7=0000000000000400
CCS=0000000000000004 CCD=00000000000004af CCO=EFLAGS
EFER=0000000000000d00
Servicing hardware INT=0x20
   128: v=20 e=0000 i=0 cpl=0 IP=0038:000000003e35fca0 pc=000000003e35fca0 SP=0030:000000003fe8bf80 env->regs[R_EAX]=00000000000000c2
RAX=00000000000000c2 RBX=00000000000000bd RCX=00000000000000c1 RDX=000000000000003f
RSI=000000003d13a000 RDI=000000003e3ae018 RBP=000000003fe8bfe0 RSP=000000003fe8bf80
R8 =000000003e3ae600 R9 =000000003e3ae600 R10=000000000000003f R11=000000003e3af1d0
R12=0000000000002000 R13=0000010000000000 R14=000000003fed9000 R15=000000003e386000
RIP=000000003e35fca0 RFL=00000283 [--S---C] CPL=0 II=0 A20=1 SMM=0 HLT=0
ES =0030 0000000000000000 ffffffff 00cf9300 DPL=0 DS   [-WA]
CS =0038 0000000000000000 ffffffff 00af9a00 DPL=0 CS64 [-R-]
SS =0030 0000000000000000 ffffffff 00cf9300 DPL=0 DS   [-WA]
DS =0030 0000000000000000 ffffffff 00cf9300 DPL=0 DS   [-WA]
FS =0030 0000000000000000 ffffffff 00cf9300 DPL=0 DS   [-WA]
GS =0030 0000000000000000 ffffffff 00cf9300 DPL=0 DS   [-WA]
LDT=0000 0000000000000000 0000ffff 00008200 DPL=0 LDT
TR =0048 000000003f5db058 00000067 00008900 DPL=0 TSS64-avl
GDT=     000000003f5db000 00000057
IDT=     000000003f0be018 00000fff
CR0=80010033 CR2=0000000000000000 CR3=000000003f801000 CR4=00000668
DR0=0000000000000000 DR1=0000000000000000 DR2=0000000000000000 DR3=0000000000000000 
DR6=00000000ffff0ff0 DR7=0000000000000400
CCS=0000000000000081 CCD=fffffffffffffffb CCO=EFLAGS
EFER=0000000000000d00
Servicing hardware INT=0x20
   129: v=20 e=0000 i=0 cpl=0 IP=0038:000000003e35fca0 pc=000000003e35fca0 SP=0030:000000003fe8bbb0 env->regs[R_EAX]=00000000000000c1
RAX=00000000000000c1 RBX=0000000000000051 RCX=00000000000000c0 RDX=0000000000000041
RSI=000000003d33a000 RDI=000000003e3ae018 RBP=000000003fe8bc10 RSP=000000003fe8bbb0
R8 =000000003e3ae630 R9 =000000003e3ae630 R10=0000000000000041 R11=000000003e3ae7b0
R12=0000000000005000 R13=0000010000000000 R14=000000003e23a000 R15=000000003e377000
RIP=000000003e35fca0 RFL=00000287 [--S--PC] CPL=0 II=0 A20=1 SMM=0 HLT=0
ES =0030 0000000000000000 ffffffff 00cf9300 DPL=0 DS   [-WA]
CS =0038 0000000000000000 ffffffff 00af9a00 DPL=0 CS64 [-R-]
SS =0030 0000000000000000 ffffffff 00cf9300 DPL=0 DS   [-WA]
DS =0030 0000000000000000 ffffffff 00cf9300 DPL=0 DS   [-WA]
FS =0030 0000000000000000 ffffffff 00cf9300 DPL=0 DS   [-WA]
GS =0030 0000000000000000 ffffffff 00cf9300 DPL=0 DS   [-WA]
LDT=0000 0000000000000000 0000ffff 00008200 DPL=0 LDT
TR =0048 000000003f5db058 00000067 00008900 DPL=0 TSS64-avl
GDT=     000000003f5db000 00000057
IDT=     000000003f0be018 00000fff
CR0=80010033 CR2=0000000000000000 CR3=000000003f801000 CR4=00000668
DR0=0000000000000000 DR1=0000000000000000 DR2=0000000000000000 DR3=0000000000000000 
DR6=00000000ffff0ff0 DR7=0000000000000400
CCS=0000000000000085 CCD=ffffffffffffff90 CCO=EFLAGS
EFER=0000000000000d00
Servicing hardware INT=0x20
   130: v=20 e=0000 i=0 cpl=0 IP=0038:000000003f0c0e55 pc=000000003f0c0e55 SP=0030:000000003fe8bf98 env->regs[R_EAX]=0000000000000000
RAX=0000000000000000 RBX=000000003fe24000 RCX=0000000000000000 RDX=0000000000000170
RSI=0000000000000001 RDI=000000003fe33ffe RBP=000000003fe8bff0 RSP=000000003fe8bf98
R8 =0000000000000000 R9 =0000000000000170 R10=0000000000000000 R11=0000000000000005
R12=0000000000000170 R13=0000000000007fff R14=0000000000000002 R15=0000000000000001
RIP=000000003f0c0e55 RFL=00000246 [---Z-P-] CPL=0 II=0 A20=1 SMM=0 HLT=0
ES =0030 0000000000000000 ffffffff 00cf9300 DPL=0 DS   [-WA]
CS =0038 0000000000000000 ffffffff 00af9a00 DPL=0 CS64 [-R-]
SS =0030 0000000000000000 ffffffff 00cf9300 DPL=0 DS   [-WA]
DS =0030 0000000000000000 ffffffff 00cf9300 DPL=0 DS   [-WA]
FS =0030 0000000000000000 ffffffff 00cf9300 DPL=0 DS   [-WA]
GS =0030 0000000000000000 ffffffff 00cf9300 DPL=0 DS   [-WA]
LDT=0000 0000000000000000 0000ffff 00008200 DPL=0 LDT
TR =0048 000000003f5db058 00000067 00008900 DPL=0 TSS64-avl
GDT=     000000003f5db000 00000057
IDT=     000000003f0be018 00000fff
CR0=80010033 CR2=0000000000000000 CR3=000000003f801000 CR4=00000668
DR0=0000000000000000 DR1=0000000000000000 DR2=0000000000000000 DR3=0000000000000000 
DR6=00000000ffff0ff0 DR7=0000000000000400
CCS=0000000000000044 CCD=0000000000000000 CCO=EFLAGS
EFER=0000000000000d00
Servicing hardware INT=0x20
   131: v=20 e=0000 i=0 cpl=0 IP=0038:000000003e347670 pc=000000003e347670 SP=0030:000000003fe8c340 env->regs[R_EAX]=000000000000011d
RAX=000000000000011d RBX=000000003bc17000 RCX=0000000080164400 RDX=0000000000000024
RSI=000000003e7e6b38 RDI=000000003bc17000 RBP=000000003fe8c340 RSP=000000003fe8c340
R8 =0000000000000000 R9 =000000003fe8c338 R10=0000000000000237 R11=00000000000a0000
R12=0000000000000000 R13=0000000000000000 R14=000000003e7e6b38 R15=000000003e374540
RIP=000000003e347670 RFL=00000287 [--S--PC] CPL=0 II=0 A20=1 SMM=0 HLT=0
ES =0030 0000000000000000 ffffffff 00cf9300 DPL=0 DS   [-WA]
CS =0038 0000000000000000 ffffffff 00af9a00 DPL=0 CS64 [-R-]
SS =0030 0000000000000000 ffffffff 00cf9300 DPL=0 DS   [-WA]
DS =0030 0000000000000000 ffffffff 00cf9300 DPL=0 DS   [-WA]
FS =0030 0000000000000000 ffffffff 00cf9300 DPL=0 DS   [-WA]
GS =0030 0000000000000000 ffffffff 00cf9300 DPL=0 DS   [-WA]
LDT=0000 0000000000000000 0000ffff 00008200 DPL=0 LDT
TR =0048 000000003f5db058 00000067 00008900 DPL=0 TSS64-avl
GDT=     000000003f5db000 00000057
IDT=     000000003f0be018 00000fff
CR0=80010033 CR2=0000000000000000 CR3=000000003f801000 CR4=00000668
DR0=0000000000000000 DR1=0000000000000000 DR2=0000000000000000 DR3=0000000000000000 
DR6=00000000ffff0ff0 DR7=0000000000000400
CCS=0000000000000085 CCD=fffffffffffffb24 CCO=EFLAGS
EFER=0000000000000d00
Servicing hardware INT=0x20
   132: v=20 e=0000 i=0 cpl=0 IP=0038:000000003e340429 pc=000000003e340429 SP=0030:000000003fe8c380 env->regs[R_EAX]=0000000000000000
RAX=0000000000000000 RBX=000000003bc0f000 RCX=0000000000000624 RDX=0000000000000189
RSI=0000000000000500 RDI=00000000000001ed RBP=000000003fe8c3b0 RSP=000000003fe8c380
R8 =0000000000000000 R9 =0000000000000000 R10=0000000000000237 R11=00000000000a0000
R12=0000000000000010 R13=0000000000000000 R14=000000003e3606b0 R15=000000003bc05000
RIP=000000003e340429 RFL=00000287 [--S--PC] CPL=0 II=0 A20=1 SMM=0 HLT=0
ES =0030 0000000000000000 ffffffff 00cf9300 DPL=0 DS   [-WA]
CS =0038 0000000000000000 ffffffff 00af9a00 DPL=0 CS64 [-R-]
SS =0030 0000000000000000 ffffffff 00cf9300 DPL=0 DS   [-WA]
DS =0030 0000000000000000 ffffffff 00cf9300 DPL=0 DS   [-WA]
FS =0030 0000000000000000 ffffffff 00cf9300 DPL=0 DS   [-WA]
GS =0030 0000000000000000 ffffffff 00cf9300 DPL=0 DS   [-WA]
LDT=0000 0000000000000000 0000ffff 00008200 DPL=0 LDT
TR =0048 000000003f5db058 00000067 00008900 DPL=0 TSS64-avl
GDT=     000000003f5db000 00000057
IDT=     000000003f0be018 00000fff
CR0=80010033 CR2=0000000000000000 CR3=000000003f801000 CR4=00000668
DR0=0000000000000000 DR1=0000000000000000 DR2=0000000000000000 DR3=0000000000000000 
DR6=00000000ffff0ff0 DR7=0000000000000400
CCS=0000000000000085 CCD=fffffffffffffced CCO=EFLAGS
EFER=0000000000000d00
Servicing hardware INT=0x20
   133: v=20 e=0000 i=0 cpl=0 IP=0038:000000003e88ed47 pc=000000003e88ed47 SP=0030:000000003fe8bda0 env->regs[R_EAX]=0000000000000304
RAX=0000000000000304 RBX=0000000000000190 RCX=000000000000b008 RDX=00000000009bf070
RSI=00000000009bf374 RDI=000000003fe8bef0 RBP=000000003fe8bdd0 RSP=000000003fe8bda0
R8 =000000003fe8bdf0 R9 =000000000000b008 R10=0000000000000000 R11=0000000000000000
R12=00000000000493e1 R13=000000003e783aa0 R14=00000000ffffff00 R15=00000000ffffffe0
RIP=000000003e88ed47 RFL=00000202 [-------] CPL=0 II=0 A20=1 SMM=0 HLT=0
ES =0030 0000000000000000 ffffffff 00cf9300 DPL=0 DS   [-WA]
CS =0038 0000000000000000 ffffffff 00af9a00 DPL=0 CS64 [-R-]
SS =0030 0000000000000000 ffffffff 00cf9300 DPL=0 DS   [-WA]
DS =0030 0000000000000000 ffffffff 00cf9300 DPL=0 DS   [-WA]
FS =0030 0000000000000000 ffffffff 00cf9300 DPL=0 DS   [-WA]
GS =0030 0000000000000000 ffffffff 00cf9300 DPL=0 DS   [-WA]
LDT=0000 0000000000000000 0000ffff 00008200 DPL=0 LDT
TR =0048 000000003f5db058 00000067 00008900 DPL=0 TSS64-avl
GDT=     000000003f5db000 00000057
IDT=     000000003f0be018 00000fff
CR0=80010033 CR2=0000000000000000 CR3=000000003f801000 CR4=00000668
DR0=0000000000000000 DR1=0000000000000000 DR2=0000000000000000 DR3=0000000000000000 
DR6=00000000ffff0ff0 DR7=0000000000000400
CCS=0000000000000000 CCD=0000000000000304 CCO=EFLAGS
EFER=0000000000000d00
Servicing hardware INT=0x20
   134: v=20 e=0000 i=0 cpl=0 IP=0038:000000003f0c06ac pc=000000003f0c06ac SP=0030:000000003fe8bc90 env->regs[R_EAX]=0000000000000058
RAX=0000000000000058 RBX=000000003fe8bd9f RCX=0000000000000000 RDX=0000000000000177
RSI=0000000000000000 RDI=0000000000000001 RBP=000000003fe8bce0 RSP=000000003fe8bc90
R8 =000000003fe8bd9f R9 =0000000000000177 R10=0000000000000000 R11=0000000000000000
R12=0000000000000177 R13=0000000000000001 R14=0000000000000001 R15=0000000000000001
RIP=000000003f0c06ac RFL=00000246 [---Z-P-] CPL=0 II=0 A20=1 SMM=0 HLT=0
ES =0030 0000000000000000 ffffffff 00cf9300 DPL=0 DS   [-WA]
CS =0038 0000000000000000 ffffffff 00af9a00 DPL=0 CS64 [-R-]
SS =0030 0000000000000000 ffffffff 00cf9300 DPL=0 DS   [-WA]
DS =0030 0000000000000000 ffffffff 00cf9300 DPL=0 DS   [-WA]
FS =0030 0000000000000000 ffffffff 00cf9300 DPL=0 DS   [-WA]
GS =0030 0000000000000000 ffffffff 00cf9300 DPL=0 DS   [-WA]
LDT=0000 0000000000000000 0000ffff 00008200 DPL=0 LDT
TR =0048 000000003f5db058 00000067 00008900 DPL=0 TSS64-avl
GDT=     000000003f5db000 00000057
IDT=     000000003f0be018 00000fff
CR0=80010033 CR2=0000000000000000 CR3=000000003f801000 CR4=00000668
DR0=0000000000000000 DR1=0000000000000000 DR2=0000000000000000 DR3=0000000000000000 
DR6=00000000ffff0ff0 DR7=0000000000000400
CCS=0000000000000044 CCD=0000000000000000 CCO=EFLAGS
EFER=0000000000000d00
Servicing hardware INT=0x20
   135: v=20 e=0000 i=0 cpl=0 IP=0038:000000003e366ec0 pc=000000003e366ec0 SP=0030:000000003fe8c3f0 env->regs[R_EAX]=0000000000000000
RAX=0000000000000000 RBX=0000000000660000 RCX=00000000000b0001 RDX=0000000000660000
RSI=0000000000000000 RDI=000000003a1bbfff RBP=000000003fe8c440 RSP=000000003fe8c3f0
R8 =00000000000000bf R9 =0000000000000002 R10=000000000000023a R11=00000000000a0000
R12=000000003fe8c408 R13=00000000ffffffff R14=000000003e3ae018 R15=0000000039c0c000
RIP=000000003e366ec0 RFL=00010246 [---Z-P-] CPL=0 II=0 A20=1 SMM=0 HLT=0
ES =0030 0000000000000000 ffffffff 00cf9300 DPL=0 DS   [-WA]
CS =0038 0000000000000000 ffffffff 00af9a00 DPL=0 CS64 [-R-]
SS =0030 0000000000000000 ffffffff 00cf9300 DPL=0 DS   [-WA]
DS =0030 0000000000000000 ffffffff 00cf9300 DPL=0 DS   [-WA]
FS =0030 0000000000000000 ffffffff 00cf9300 DPL=0 DS   [-WA]
GS =0030 0000000000000000 ffffffff 00cf9300 DPL=0 DS   [-WA]
LDT=0000 0000000000000000 0000ffff 00008200 DPL=0 LDT
TR =0048 000000003f5db058 00000067 00008900 DPL=0 TSS64-avl
GDT=     000000003f5db000 00000057
IDT=     000000003f0be018 00000fff
CR0=80010033 CR2=0000000000000000 CR3=000000003f801000 CR4=00000668
DR0=0000000000000000 DR1=0000000000000000 DR2=0000000000000000 DR3=0000000000000000 
DR6=00000000ffff0ff0 DR7=0000000000000400
CCS=0000000000000044 CCD=000000003fe8c3c8 CCO=EFLAGS
EFER=0000000000000d00
Servicing hardware INT=0x20
   136: v=20 e=0000 i=0 cpl=0 IP=0038:000000003f0c0e55 pc=000000003f0c0e55 SP=0030:000000003fe8bdd8 env->regs[R_EAX]=0000000000000000
RAX=0000000000000000 RBX=000000003fe33ffe RCX=0000000000000000 RDX=0000000000000170
RSI=0000000000000001 RDI=000000003fe43ffc RBP=000000003fe8be30 RSP=000000003fe8bdd8
R8 =0000000000000000 R9 =0000000000000170 R10=0000000000000000 R11=0000000000000005
R12=0000000000000170 R13=0000000000007fff R14=0000000000000002 R15=0000000000000001
RIP=000000003f0c0e55 RFL=00000246 [---Z-P-] CPL=0 II=0 A20=1 SMM=0 HLT=0
ES =0030 0000000000000000 ffffffff 00cf9300 DPL=0 DS   [-WA]
CS =0038 0000000000000000 ffffffff 00af9a00 DPL=0 CS64 [-R-]
SS =0030 0000000000000000 ffffffff 00cf9300 DPL=0 DS   [-WA]
DS =0030 0000000000000000 ffffffff 00cf9300 DPL=0 DS   [-WA]
FS =0030 0000000000000000 ffffffff 00cf9300 DPL=0 DS   [-WA]
GS =0030 0000000000000000 ffffffff 00cf9300 DPL=0 DS   [-WA]
LDT=0000 0000000000000000 0000ffff 00008200 DPL=0 LDT
TR =0048 000000003f5db058 00000067 00008900 DPL=0 TSS64-avl
GDT=     000000003f5db000 00000057
IDT=     000000003f0be018 00000fff
CR0=80010033 CR2=0000000000000000 CR3=000000003f801000 CR4=00000668
DR0=0000000000000000 DR1=0000000000000000 DR2=0000000000000000 DR3=0000000000000000 
DR6=00000000ffff0ff0 DR7=0000000000000400
CCS=0000000000000044 CCD=0000000000000000 CCO=EFLAGS
EFER=0000000000000d00
Servicing hardware INT=0x20
   137: v=20 e=0000 i=0 cpl=0 IP=0038:000000003f0c034c pc=000000003f0c034c SP=0030:000000003fe8bd80 env->regs[R_EAX]=0000000000000000
RAX=0000000000000000 RBX=000000003fe8beaf RCX=0000000000000000 RDX=000000003f0c0ef8
RSI=0000000000000000 RDI=0000000000000001 RBP=000000003fe8bd90 RSP=000000003fe8bd80
R8 =000000003fe8beaf R9 =0000000000000177 R10=0000000000000000 R11=0000000000000000
R12=0000000000000177 R13=0000000000000001 R14=0000000000000001 R15=0000000000000001
RIP=000000003f0c034c RFL=00000202 [-------] CPL=0 II=0 A20=1 SMM=0 HLT=0
ES =0030 0000000000000000 ffffffff 00cf9300 DPL=0 DS   [-WA]
CS =0038 0000000000000000 ffffffff 00af9a00 DPL=0 CS64 [-R-]
SS =0030 0000000000000000 ffffffff 00cf9300 DPL=0 DS   [-WA]
DS =0030 0000000000000000 ffffffff 00cf9300 DPL=0 DS   [-WA]
FS =0030 0000000000000000 ffffffff 00cf9300 DPL=0 DS   [-WA]
GS =0030 0000000000000000 ffffffff 00cf9300 DPL=0 DS   [-WA]
LDT=0000 0000000000000000 0000ffff 00008200 DPL=0 LDT
TR =0048 000000003f5db058 00000067 00008900 DPL=0 TSS64-avl
GDT=     000000003f5db000 00000057
IDT=     000000003f0be018 00000fff
CR0=80010033 CR2=0000000000000000 CR3=000000003f801000 CR4=00000668
DR0=0000000000000000 DR1=0000000000000000 DR2=0000000000000000 DR3=0000000000000000 
DR6=00000000ffff0ff0 DR7=0000000000000400
CCS=0000000000000000 CCD=0000000000000001 CCO=EFLAGS
EFER=0000000000000d00
Servicing hardware INT=0x20
   138: v=20 e=0000 i=0 cpl=0 IP=0038:000000003f0c0e55 pc=000000003f0c0e55 SP=0030:000000003fe8bdd8 env->regs[R_EAX]=0000000000000000
RAX=0000000000000000 RBX=000000003fe33ffe RCX=0000000000000000 RDX=0000000000000170
RSI=0000000000000001 RDI=000000003fe43ffc RBP=000000003fe8be30 RSP=000000003fe8bdd8
R8 =0000000000000000 R9 =0000000000000170 R10=0000000000000000 R11=0000000000000005
R12=0000000000000170 R13=0000000000007fff R14=0000000000000002 R15=0000000000000001
RIP=000000003f0c0e55 RFL=00000246 [---Z-P-] CPL=0 II=0 A20=1 SMM=0 HLT=0
ES =0030 0000000000000000 ffffffff 00cf9300 DPL=0 DS   [-WA]
CS =0038 0000000000000000 ffffffff 00af9a00 DPL=0 CS64 [-R-]
SS =0030 0000000000000000 ffffffff 00cf9300 DPL=0 DS   [-WA]
DS =0030 0000000000000000 ffffffff 00cf9300 DPL=0 DS   [-WA]
FS =0030 0000000000000000 ffffffff 00cf9300 DPL=0 DS   [-WA]
GS =0030 0000000000000000 ffffffff 00cf9300 DPL=0 DS   [-WA]
LDT=0000 0000000000000000 0000ffff 00008200 DPL=0 LDT
TR =0048 000000003f5db058 00000067 00008900 DPL=0 TSS64-avl
GDT=     000000003f5db000 00000057
IDT=     000000003f0be018 00000fff
CR0=80010033 CR2=0000000000000000 CR3=000000003f801000 CR4=00000668
DR0=0000000000000000 DR1=0000000000000000 DR2=0000000000000000 DR3=0000000000000000 
DR6=00000000ffff0ff0 DR7=0000000000000400
CCS=0000000000000044 CCD=0000000000000000 CCO=EFLAGS
EFER=0000000000000d00
Servicing hardware INT=0x20
   139: v=20 e=0000 i=0 cpl=0 IP=0038:000000003f0c0e55 pc=000000003f0c0e55 SP=0030:000000003fe8bdd8 env->regs[R_EAX]=0000000000000000
RAX=0000000000000000 RBX=000000003fe33ffe RCX=0000000000000000 RDX=0000000000000170
RSI=0000000000000001 RDI=000000003fe43ffc RBP=000000003fe8be30 RSP=000000003fe8bdd8
R8 =0000000000000000 R9 =0000000000000170 R10=0000000000000000 R11=0000000000000005
R12=0000000000000170 R13=0000000000007fff R14=0000000000000002 R15=0000000000000001
RIP=000000003f0c0e55 RFL=00000246 [---Z-P-] CPL=0 II=0 A20=1 SMM=0 HLT=0
ES =0030 0000000000000000 ffffffff 00cf9300 DPL=0 DS   [-WA]
CS =0038 0000000000000000 ffffffff 00af9a00 DPL=0 CS64 [-R-]
SS =0030 0000000000000000 ffffffff 00cf9300 DPL=0 DS   [-WA]
DS =0030 0000000000000000 ffffffff 00cf9300 DPL=0 DS   [-WA]
FS =0030 0000000000000000 ffffffff 00cf9300 DPL=0 DS   [-WA]
GS =0030 0000000000000000 ffffffff 00cf9300 DPL=0 DS   [-WA]
LDT=0000 0000000000000000 0000ffff 00008200 DPL=0 LDT
TR =0048 000000003f5db058 00000067 00008900 DPL=0 TSS64-avl
GDT=     000000003f5db000 00000057
IDT=     000000003f0be018 00000fff
CR0=80010033 CR2=0000000000000000 CR3=000000003f801000 CR4=00000668
DR0=0000000000000000 DR1=0000000000000000 DR2=0000000000000000 DR3=0000000000000000 
DR6=00000000ffff0ff0 DR7=0000000000000400
CCS=0000000000000044 CCD=0000000000000000 CCO=EFLAGS
EFER=0000000000000d00
Servicing hardware INT=0x20
   140: v=20 e=0000 i=0 cpl=0 IP=0038:000000003f0c06ac pc=000000003f0c06ac SP=0030:000000003fe8bda0 env->regs[R_EAX]=0000000000000058
RAX=0000000000000058 RBX=000000003fe8beaf RCX=0000000000000000 RDX=0000000000000177
RSI=0000000000000000 RDI=0000000000000001 RBP=000000003fe8bdf0 RSP=000000003fe8bda0
R8 =000000003fe8beaf R9 =0000000000000177 R10=0000000000000000 R11=0000000000000000
R12=0000000000000177 R13=0000000000000001 R14=0000000000000001 R15=0000000000000001
RIP=000000003f0c06ac RFL=00000246 [---Z-P-] CPL=0 II=0 A20=1 SMM=0 HLT=0
ES =0030 0000000000000000 ffffffff 00cf9300 DPL=0 DS   [-WA]
CS =0038 0000000000000000 ffffffff 00af9a00 DPL=0 CS64 [-R-]
SS =0030 0000000000000000 ffffffff 00cf9300 DPL=0 DS   [-WA]
DS =0030 0000000000000000 ffffffff 00cf9300 DPL=0 DS   [-WA]
FS =0030 0000000000000000 ffffffff 00cf9300 DPL=0 DS   [-WA]
GS =0030 0000000000000000 ffffffff 00cf9300 DPL=0 DS   [-WA]
LDT=0000 0000000000000000 0000ffff 00008200 DPL=0 LDT
TR =0048 000000003f5db058 00000067 00008900 DPL=0 TSS64-avl
GDT=     000000003f5db000 00000057
IDT=     000000003f0be018 00000fff
CR0=80010033 CR2=0000000000000000 CR3=000000003f801000 CR4=00000668
DR0=0000000000000000 DR1=0000000000000000 DR2=0000000000000000 DR3=0000000000000000 
DR6=00000000ffff0ff0 DR7=0000000000000400
CCS=0000000000000044 CCD=0000000000000000 CCO=EFLAGS
EFER=0000000000000d00
Servicing hardware INT=0x20
   141: v=20 e=0000 i=0 cpl=0 IP=0038:000000003f0c0e55 pc=000000003f0c0e55 SP=0030:000000003fe8bdd8 env->regs[R_EAX]=0000000000000000
RAX=0000000000000000 RBX=000000003fe24000 RCX=0000000000000000 RDX=0000000000000170
RSI=0000000000000001 RDI=000000003fe33ffe RBP=000000003fe8be30 RSP=000000003fe8bdd8
R8 =0000000000000000 R9 =0000000000000170 R10=0000000000000000 R11=0000000000000005
R12=0000000000000170 R13=0000000000007fff R14=0000000000000002 R15=0000000000000001
RIP=000000003f0c0e55 RFL=00000246 [---Z-P-] CPL=0 II=0 A20=1 SMM=0 HLT=0
ES =0030 0000000000000000 ffffffff 00cf9300 DPL=0 DS   [-WA]
CS =0038 0000000000000000 ffffffff 00af9a00 DPL=0 CS64 [-R-]
SS =0030 0000000000000000 ffffffff 00cf9300 DPL=0 DS   [-WA]
DS =0030 0000000000000000 ffffffff 00cf9300 DPL=0 DS   [-WA]
FS =0030 0000000000000000 ffffffff 00cf9300 DPL=0 DS   [-WA]
GS =0030 0000000000000000 ffffffff 00cf9300 DPL=0 DS   [-WA]
LDT=0000 0000000000000000 0000ffff 00008200 DPL=0 LDT
TR =0048 000000003f5db058 00000067 00008900 DPL=0 TSS64-avl
GDT=     000000003f5db000 00000057
IDT=     000000003f0be018 00000fff
CR0=80010033 CR2=0000000000000000 CR3=000000003f801000 CR4=00000668
DR0=0000000000000000 DR1=0000000000000000 DR2=0000000000000000 DR3=0000000000000000 
DR6=00000000ffff0ff0 DR7=0000000000000400
CCS=0000000000000044 CCD=0000000000000000 CCO=EFLAGS
EFER=0000000000000d00
Servicing hardware INT=0x20
   142: v=20 e=0000 i=0 cpl=0 IP=0038:000000003f0c0e55 pc=000000003f0c0e55 SP=0030:000000003fe8bdd8 env->regs[R_EAX]=0000000000000000
RAX=0000000000000000 RBX=000000003fe24000 RCX=0000000000000000 RDX=0000000000000170
RSI=0000000000000001 RDI=000000003fe33ffe RBP=000000003fe8be30 RSP=000000003fe8bdd8
R8 =0000000000000000 R9 =0000000000000170 R10=0000000000000000 R11=0000000000000005
R12=0000000000000170 R13=0000000000007fff R14=0000000000000002 R15=0000000000000001
RIP=000000003f0c0e55 RFL=00000246 [---Z-P-] CPL=0 II=0 A20=1 SMM=0 HLT=0
ES =0030 0000000000000000 ffffffff 00cf9300 DPL=0 DS   [-WA]
CS =0038 0000000000000000 ffffffff 00af9a00 DPL=0 CS64 [-R-]
SS =0030 0000000000000000 ffffffff 00cf9300 DPL=0 DS   [-WA]
DS =0030 0000000000000000 ffffffff 00cf9300 DPL=0 DS   [-WA]
FS =0030 0000000000000000 ffffffff 00cf9300 DPL=0 DS   [-WA]
GS =0030 0000000000000000 ffffffff 00cf9300 DPL=0 DS   [-WA]
LDT=0000 0000000000000000 0000ffff 00008200 DPL=0 LDT
TR =0048 000000003f5db058 00000067 00008900 DPL=0 TSS64-avl
GDT=     000000003f5db000 00000057
IDT=     000000003f0be018 00000fff
CR0=80010033 CR2=0000000000000000 CR3=000000003f801000 CR4=00000668
DR0=0000000000000000 DR1=0000000000000000 DR2=0000000000000000 DR3=0000000000000000 
DR6=00000000ffff0ff0 DR7=0000000000000400
CCS=0000000000000044 CCD=0000000000000000 CCO=EFLAGS
EFER=0000000000000d00
Servicing hardware INT=0x20
   143: v=20 e=0000 i=0 cpl=0 IP=0038:000000003f0c0e55 pc=000000003f0c0e55 SP=0030:000000003fe8bdd8 env->regs[R_EAX]=0000000000000000
RAX=0000000000000000 RBX=000000003fe24000 RCX=0000000000000000 RDX=0000000000000170
RSI=0000000000000001 RDI=000000003fe33ffe RBP=000000003fe8be30 RSP=000000003fe8bdd8
R8 =0000000000000000 R9 =0000000000000170 R10=0000000000000000 R11=0000000000000005
R12=0000000000000170 R13=0000000000007fff R14=0000000000000002 R15=0000000000000001
RIP=000000003f0c0e55 RFL=00000246 [---Z-P-] CPL=0 II=0 A20=1 SMM=0 HLT=0
ES =0030 0000000000000000 ffffffff 00cf9300 DPL=0 DS   [-WA]
CS =0038 0000000000000000 ffffffff 00af9a00 DPL=0 CS64 [-R-]
SS =0030 0000000000000000 ffffffff 00cf9300 DPL=0 DS   [-WA]
DS =0030 0000000000000000 ffffffff 00cf9300 DPL=0 DS   [-WA]
FS =0030 0000000000000000 ffffffff 00cf9300 DPL=0 DS   [-WA]
GS =0030 0000000000000000 ffffffff 00cf9300 DPL=0 DS   [-WA]
LDT=0000 0000000000000000 0000ffff 00008200 DPL=0 LDT
TR =0048 000000003f5db058 00000067 00008900 DPL=0 TSS64-avl
GDT=     000000003f5db000 00000057
IDT=     000000003f0be018 00000fff
CR0=80010033 CR2=0000000000000000 CR3=000000003f801000 CR4=00000668
DR0=0000000000000000 DR1=0000000000000000 DR2=0000000000000000 DR3=0000000000000000 
DR6=00000000ffff0ff0 DR7=0000000000000400
CCS=0000000000000044 CCD=0000000000000000 CCO=EFLAGS
EFER=0000000000000d00
Servicing hardware INT=0x20
   144: v=20 e=0000 i=0 cpl=0 IP=0038:000000003f0c0e55 pc=000000003f0c0e55 SP=0030:000000003fe8bdd8 env->regs[R_EAX]=0000000000000000
RAX=0000000000000000 RBX=000000003fe24000 RCX=0000000000000000 RDX=0000000000000170
RSI=0000000000000001 RDI=000000003fe33ffe RBP=000000003fe8be30 RSP=000000003fe8bdd8
R8 =0000000000000000 R9 =0000000000000170 R10=0000000000000000 R11=0000000000000005
R12=0000000000000170 R13=0000000000007fff R14=0000000000000002 R15=0000000000000001
RIP=000000003f0c0e55 RFL=00000246 [---Z-P-] CPL=0 II=0 A20=1 SMM=0 HLT=0
ES =0030 0000000000000000 ffffffff 00cf9300 DPL=0 DS   [-WA]
CS =0038 0000000000000000 ffffffff 00af9a00 DPL=0 CS64 [-R-]
SS =0030 0000000000000000 ffffffff 00cf9300 DPL=0 DS   [-WA]
DS =0030 0000000000000000 ffffffff 00cf9300 DPL=0 DS   [-WA]
FS =0030 0000000000000000 ffffffff 00cf9300 DPL=0 DS   [-WA]
GS =0030 0000000000000000 ffffffff 00cf9300 DPL=0 DS   [-WA]
LDT=0000 0000000000000000 0000ffff 00008200 DPL=0 LDT
TR =0048 000000003f5db058 00000067 00008900 DPL=0 TSS64-avl
GDT=     000000003f5db000 00000057
IDT=     000000003f0be018 00000fff
CR0=80010033 CR2=0000000000000000 CR3=000000003f801000 CR4=00000668
DR0=0000000000000000 DR1=0000000000000000 DR2=0000000000000000 DR3=0000000000000000 
DR6=00000000ffff0ff0 DR7=0000000000000400
CCS=0000000000000044 CCD=0000000000000000 CCO=EFLAGS
EFER=0000000000000d00
Servicing hardware INT=0x20
   145: v=20 e=0000 i=0 cpl=0 IP=0038:000000003e88ed47 pc=000000003e88ed47 SP=0030:000000003fe8be60 env->regs[R_EAX]=00000000000000bd
RAX=00000000000000bd RBX=0000000000000064 RCX=000000000000b008 RDX=0000000000a27621
RSI=0000000000a276de RDI=000000003e783b68 RBP=000000003fe8be90 RSP=000000003fe8be60
R8 =000000003fe8be8f R9 =000000000000b008 R10=0000000000000000 R11=0000000000000000
R12=000000003fe24000 R13=000000003fe8c1d8 R14=0000000000000001 R15=0000000000000001
RIP=000000003e88ed47 RFL=00000206 [-----P-] CPL=0 II=0 A20=1 SMM=0 HLT=0
ES =0030 0000000000000000 ffffffff 00cf9300 DPL=0 DS   [-WA]
CS =0038 0000000000000000 ffffffff 00af9a00 DPL=0 CS64 [-R-]
SS =0030 0000000000000000 ffffffff 00cf9300 DPL=0 DS   [-WA]
DS =0030 0000000000000000 ffffffff 00cf9300 DPL=0 DS   [-WA]
FS =0030 0000000000000000 ffffffff 00cf9300 DPL=0 DS   [-WA]
GS =0030 0000000000000000 ffffffff 00cf9300 DPL=0 DS   [-WA]
LDT=0000 0000000000000000 0000ffff 00008200 DPL=0 LDT
TR =0048 000000003f5db058 00000067 00008900 DPL=0 TSS64-avl
GDT=     000000003f5db000 00000057
IDT=     000000003f0be018 00000fff
CR0=80010033 CR2=0000000000000000 CR3=000000003f801000 CR4=00000668
DR0=0000000000000000 DR1=0000000000000000 DR2=0000000000000000 DR3=0000000000000000 
DR6=00000000ffff0ff0 DR7=0000000000000400
CCS=0000000000000004 CCD=00000000000000bd CCO=EFLAGS
EFER=0000000000000d00
Servicing hardware INT=0x20
   146: v=20 e=0000 i=0 cpl=0 IP=0038:000000003f0c0e55 pc=000000003f0c0e55 SP=0030:000000003fe8bdd8 env->regs[R_EAX]=0000000000000000
RAX=0000000000000000 RBX=000000003fe33ffe RCX=0000000000000000 RDX=0000000000000170
RSI=0000000000000001 RDI=000000003fe43ffc RBP=000000003fe8be30 RSP=000000003fe8bdd8
R8 =0000000000000000 R9 =0000000000000170 R10=0000000000000000 R11=0000000000000005
R12=0000000000000170 R13=0000000000007fff R14=0000000000000002 R15=0000000000000001
RIP=000000003f0c0e55 RFL=00000246 [---Z-P-] CPL=0 II=0 A20=1 SMM=0 HLT=0
ES =0030 0000000000000000 ffffffff 00cf9300 DPL=0 DS   [-WA]
CS =0038 0000000000000000 ffffffff 00af9a00 DPL=0 CS64 [-R-]
SS =0030 0000000000000000 ffffffff 00cf9300 DPL=0 DS   [-WA]
DS =0030 0000000000000000 ffffffff 00cf9300 DPL=0 DS   [-WA]
FS =0030 0000000000000000 ffffffff 00cf9300 DPL=0 DS   [-WA]
GS =0030 0000000000000000 ffffffff 00cf9300 DPL=0 DS   [-WA]
LDT=0000 0000000000000000 0000ffff 00008200 DPL=0 LDT
TR =0048 000000003f5db058 00000067 00008900 DPL=0 TSS64-avl
GDT=     000000003f5db000 00000057
IDT=     000000003f0be018 00000fff
CR0=80010033 CR2=0000000000000000 CR3=000000003f801000 CR4=00000668
DR0=0000000000000000 DR1=0000000000000000 DR2=0000000000000000 DR3=0000000000000000 
DR6=00000000ffff0ff0 DR7=0000000000000400
CCS=0000000000000044 CCD=0000000000000000 CCO=EFLAGS
EFER=0000000000000d00
Servicing hardware INT=0x20
   147: v=20 e=0000 i=0 cpl=0 IP=0038:000000003f0c0e55 pc=000000003f0c0e55 SP=0030:000000003fe8bdd8 env->regs[R_EAX]=0000000000000000
RAX=0000000000000000 RBX=000000003fe33ffe RCX=0000000000000000 RDX=0000000000000170
RSI=0000000000000001 RDI=000000003fe43ffc RBP=000000003fe8be30 RSP=000000003fe8bdd8
R8 =0000000000000000 R9 =0000000000000170 R10=0000000000000000 R11=0000000000000005
R12=0000000000000170 R13=0000000000007fff R14=0000000000000002 R15=0000000000000001
RIP=000000003f0c0e55 RFL=00000246 [---Z-P-] CPL=0 II=0 A20=1 SMM=0 HLT=0
ES =0030 0000000000000000 ffffffff 00cf9300 DPL=0 DS   [-WA]
CS =0038 0000000000000000 ffffffff 00af9a00 DPL=0 CS64 [-R-]
SS =0030 0000000000000000 ffffffff 00cf9300 DPL=0 DS   [-WA]
DS =0030 0000000000000000 ffffffff 00cf9300 DPL=0 DS   [-WA]
FS =0030 0000000000000000 ffffffff 00cf9300 DPL=0 DS   [-WA]
GS =0030 0000000000000000 ffffffff 00cf9300 DPL=0 DS   [-WA]
LDT=0000 0000000000000000 0000ffff 00008200 DPL=0 LDT
TR =0048 000000003f5db058 00000067 00008900 DPL=0 TSS64-avl
GDT=     000000003f5db000 00000057
IDT=     000000003f0be018 00000fff
CR0=80010033 CR2=0000000000000000 CR3=000000003f801000 CR4=00000668
DR0=0000000000000000 DR1=0000000000000000 DR2=0000000000000000 DR3=0000000000000000 
DR6=00000000ffff0ff0 DR7=0000000000000400
CCS=0000000000000044 CCD=0000000000000000 CCO=EFLAGS
EFER=0000000000000d00
Servicing hardware INT=0x20
   148: v=20 e=0000 i=0 cpl=0 IP=0038:000000003f0c0e55 pc=000000003f0c0e55 SP=0030:000000003fe8bdd8 env->regs[R_EAX]=0000000000000000
RAX=0000000000000000 RBX=000000003fe33ffe RCX=0000000000000000 RDX=0000000000000170
RSI=0000000000000001 RDI=000000003fe43ffc RBP=000000003fe8be30 RSP=000000003fe8bdd8
R8 =0000000000000000 R9 =0000000000000170 R10=0000000000000000 R11=0000000000000005
R12=0000000000000170 R13=0000000000007fff R14=0000000000000002 R15=0000000000000001
RIP=000000003f0c0e55 RFL=00000246 [---Z-P-] CPL=0 II=0 A20=1 SMM=0 HLT=0
ES =0030 0000000000000000 ffffffff 00cf9300 DPL=0 DS   [-WA]
CS =0038 0000000000000000 ffffffff 00af9a00 DPL=0 CS64 [-R-]
SS =0030 0000000000000000 ffffffff 00cf9300 DPL=0 DS   [-WA]
DS =0030 0000000000000000 ffffffff 00cf9300 DPL=0 DS   [-WA]
FS =0030 0000000000000000 ffffffff 00cf9300 DPL=0 DS   [-WA]
GS =0030 0000000000000000 ffffffff 00cf9300 DPL=0 DS   [-WA]
LDT=0000 0000000000000000 0000ffff 00008200 DPL=0 LDT
TR =0048 000000003f5db058 00000067 00008900 DPL=0 TSS64-avl
GDT=     000000003f5db000 00000057
IDT=     000000003f0be018 00000fff
CR0=80010033 CR2=0000000000000000 CR3=000000003f801000 CR4=00000668
DR0=0000000000000000 DR1=0000000000000000 DR2=0000000000000000 DR3=0000000000000000 
DR6=00000000ffff0ff0 DR7=0000000000000400
CCS=0000000000000044 CCD=0000000000000000 CCO=EFLAGS
EFER=0000000000000d00
Servicing hardware INT=0x20
   149: v=20 e=0000 i=0 cpl=0 IP=0038:000000003f0c0e55 pc=000000003f0c0e55 SP=0030:000000003fe8bdd8 env->regs[R_EAX]=0000000000000000
RAX=0000000000000000 RBX=000000003fe24000 RCX=0000000000000000 RDX=0000000000000170
RSI=0000000000000001 RDI=000000003fe33ffe RBP=000000003fe8be30 RSP=000000003fe8bdd8
R8 =0000000000000000 R9 =0000000000000170 R10=0000000000000000 R11=0000000000000005
R12=0000000000000170 R13=0000000000007fff R14=0000000000000002 R15=0000000000000001
RIP=000000003f0c0e55 RFL=00000246 [---Z-P-] CPL=0 II=0 A20=1 SMM=0 HLT=0
ES =0030 0000000000000000 ffffffff 00cf9300 DPL=0 DS   [-WA]
CS =0038 0000000000000000 ffffffff 00af9a00 DPL=0 CS64 [-R-]
SS =0030 0000000000000000 ffffffff 00cf9300 DPL=0 DS   [-WA]
DS =0030 0000000000000000 ffffffff 00cf9300 DPL=0 DS   [-WA]
FS =0030 0000000000000000 ffffffff 00cf9300 DPL=0 DS   [-WA]
GS =0030 0000000000000000 ffffffff 00cf9300 DPL=0 DS   [-WA]
LDT=0000 0000000000000000 0000ffff 00008200 DPL=0 LDT
TR =0048 000000003f5db058 00000067 00008900 DPL=0 TSS64-avl
GDT=     000000003f5db000 00000057
IDT=     000000003f0be018 00000fff
CR0=80010033 CR2=0000000000000000 CR3=000000003f801000 CR4=00000668
DR0=0000000000000000 DR1=0000000000000000 DR2=0000000000000000 DR3=0000000000000000 
DR6=00000000ffff0ff0 DR7=0000000000000400
CCS=0000000000000044 CCD=0000000000000000 CCO=EFLAGS
EFER=0000000000000d00
Servicing hardware INT=0x20
   150: v=20 e=0000 i=0 cpl=0 IP=0038:000000003f0c0e55 pc=000000003f0c0e55 SP=0030:000000003fe8bdd8 env->regs[R_EAX]=0000000000000000
RAX=0000000000000000 RBX=000000003fe24000 RCX=0000000000000000 RDX=0000000000000170
RSI=0000000000000001 RDI=000000003fe33ffe RBP=000000003fe8be30 RSP=000000003fe8bdd8
R8 =0000000000000000 R9 =0000000000000170 R10=0000000000000000 R11=0000000000000005
R12=0000000000000170 R13=0000000000007fff R14=0000000000000002 R15=0000000000000001
RIP=000000003f0c0e55 RFL=00000246 [---Z-P-] CPL=0 II=0 A20=1 SMM=0 HLT=0
ES =0030 0000000000000000 ffffffff 00cf9300 DPL=0 DS   [-WA]
CS =0038 0000000000000000 ffffffff 00af9a00 DPL=0 CS64 [-R-]
SS =0030 0000000000000000 ffffffff 00cf9300 DPL=0 DS   [-WA]
DS =0030 0000000000000000 ffffffff 00cf9300 DPL=0 DS   [-WA]
FS =0030 0000000000000000 ffffffff 00cf9300 DPL=0 DS   [-WA]
GS =0030 0000000000000000 ffffffff 00cf9300 DPL=0 DS   [-WA]
LDT=0000 0000000000000000 0000ffff 00008200 DPL=0 LDT
TR =0048 000000003f5db058 00000067 00008900 DPL=0 TSS64-avl
GDT=     000000003f5db000 00000057
IDT=     000000003f0be018 00000fff
CR0=80010033 CR2=0000000000000000 CR3=000000003f801000 CR4=00000668
DR0=0000000000000000 DR1=0000000000000000 DR2=0000000000000000 DR3=0000000000000000 
DR6=00000000ffff0ff0 DR7=0000000000000400
CCS=0000000000000044 CCD=0000000000000000 CCO=EFLAGS
EFER=0000000000000d00
Servicing hardware INT=0x20
   151: v=20 e=0000 i=0 cpl=0 IP=0038:000000003e88ed47 pc=000000003e88ed47 SP=0030:000000003fe8be60 env->regs[R_EAX]=00000000000000b2
RAX=00000000000000b2 RBX=0000000000000064 RCX=000000000000b008 RDX=0000000000a5b7a2
RSI=0000000000a5b854 RDI=000000003e783b68 RBP=000000003fe8be90 RSP=000000003fe8be60
R8 =000000003fe8be8f R9 =000000000000b008 R10=0000000000000000 R11=0000000000000000
R12=000000003fe24000 R13=000000003fe8c1d8 R14=0000000000000001 R15=0000000000000001
RIP=000000003e88ed47 RFL=00000206 [-----P-] CPL=0 II=0 A20=1 SMM=0 HLT=0
ES =0030 0000000000000000 ffffffff 00cf9300 DPL=0 DS   [-WA]
CS =0038 0000000000000000 ffffffff 00af9a00 DPL=0 CS64 [-R-]
SS =0030 0000000000000000 ffffffff 00cf9300 DPL=0 DS   [-WA]
DS =0030 0000000000000000 ffffffff 00cf9300 DPL=0 DS   [-WA]
FS =0030 0000000000000000 ffffffff 00cf9300 DPL=0 DS   [-WA]
GS =0030 0000000000000000 ffffffff 00cf9300 DPL=0 DS   [-WA]
LDT=0000 0000000000000000 0000ffff 00008200 DPL=0 LDT
TR =0048 000000003f5db058 00000067 00008900 DPL=0 TSS64-avl
GDT=     000000003f5db000 00000057
IDT=     000000003f0be018 00000fff
CR0=80010033 CR2=0000000000000000 CR3=000000003f801000 CR4=00000668
DR0=0000000000000000 DR1=0000000000000000 DR2=0000000000000000 DR3=0000000000000000 
DR6=00000000ffff0ff0 DR7=0000000000000400
CCS=0000000000000004 CCD=00000000000000b2 CCO=EFLAGS
EFER=0000000000000d00
Servicing hardware INT=0x20
   152: v=20 e=0000 i=0 cpl=0 IP=0038:000000003f0c06ac pc=000000003f0c06ac SP=0030:000000003fe8bda0 env->regs[R_EAX]=0000000000000058
RAX=0000000000000058 RBX=000000003fe8beaf RCX=0000000000000000 RDX=0000000000000177
RSI=0000000000000000 RDI=0000000000000001 RBP=000000003fe8bdf0 RSP=000000003fe8bda0
R8 =000000003fe8beaf R9 =0000000000000177 R10=0000000000000000 R11=0000000000000000
R12=0000000000000177 R13=0000000000000001 R14=0000000000000001 R15=0000000000000001
RIP=000000003f0c06ac RFL=00000246 [---Z-P-] CPL=0 II=0 A20=1 SMM=0 HLT=0
ES =0030 0000000000000000 ffffffff 00cf9300 DPL=0 DS   [-WA]
CS =0038 0000000000000000 ffffffff 00af9a00 DPL=0 CS64 [-R-]
SS =0030 0000000000000000 ffffffff 00cf9300 DPL=0 DS   [-WA]
DS =0030 0000000000000000 ffffffff 00cf9300 DPL=0 DS   [-WA]
FS =0030 0000000000000000 ffffffff 00cf9300 DPL=0 DS   [-WA]
GS =0030 0000000000000000 ffffffff 00cf9300 DPL=0 DS   [-WA]
LDT=0000 0000000000000000 0000ffff 00008200 DPL=0 LDT
TR =0048 000000003f5db058 00000067 00008900 DPL=0 TSS64-avl
GDT=     000000003f5db000 00000057
IDT=     000000003f0be018 00000fff
CR0=80010033 CR2=0000000000000000 CR3=000000003f801000 CR4=00000668
DR0=0000000000000000 DR1=0000000000000000 DR2=0000000000000000 DR3=0000000000000000 
DR6=00000000ffff0ff0 DR7=0000000000000400
CCS=0000000000000044 CCD=0000000000000000 CCO=EFLAGS
EFER=0000000000000d00
Servicing hardware INT=0x20
   153: v=20 e=0000 i=0 cpl=0 IP=0038:000000003e88ed47 pc=000000003e88ed47 SP=0030:000000003fe8beb0 env->regs[R_EAX]=000000000000047a
RAX=000000000000047a RBX=0000000000000190 RCX=000000000000b008 RDX=0000000000a6d572
RSI=0000000000a6d9ec RDI=000000003fe8c000 RBP=000000003fe8bee0 RSP=000000003fe8beb0
R8 =000000003fe8bf00 R9 =000000000000b008 R10=0000000000000000 R11=0000000000000000
R12=00000000000493e1 R13=000000003e783aa0 R14=00000000ffffff00 R15=00000000ffffffe0
RIP=000000003e88ed47 RFL=00000202 [-------] CPL=0 II=0 A20=1 SMM=0 HLT=0
ES =0030 0000000000000000 ffffffff 00cf9300 DPL=0 DS   [-WA]
CS =0038 0000000000000000 ffffffff 00af9a00 DPL=0 CS64 [-R-]
SS =0030 0000000000000000 ffffffff 00cf9300 DPL=0 DS   [-WA]
DS =0030 0000000000000000 ffffffff 00cf9300 DPL=0 DS   [-WA]
FS =0030 0000000000000000 ffffffff 00cf9300 DPL=0 DS   [-WA]
GS =0030 0000000000000000 ffffffff 00cf9300 DPL=0 DS   [-WA]
LDT=0000 0000000000000000 0000ffff 00008200 DPL=0 LDT
TR =0048 000000003f5db058 00000067 00008900 DPL=0 TSS64-avl
GDT=     000000003f5db000 00000057
IDT=     000000003f0be018 00000fff
CR0=80010033 CR2=0000000000000000 CR3=000000003f801000 CR4=00000668
DR0=0000000000000000 DR1=0000000000000000 DR2=0000000000000000 DR3=0000000000000000 
DR6=00000000ffff0ff0 DR7=0000000000000400
CCS=0000000000000000 CCD=000000000000047a CCO=EFLAGS
EFER=0000000000000d00
Servicing hardware INT=0x20
   154: v=20 e=0000 i=0 cpl=0 IP=0038:000000003f0c06ac pc=000000003f0c06ac SP=0030:000000003fe8bd80 env->regs[R_EAX]=0000000000000058
RAX=0000000000000058 RBX=000000003fe8be8f RCX=0000000000000000 RDX=0000000000000376
RSI=0000000000000000 RDI=0000000000000001 RBP=000000003fe8bdd0 RSP=000000003fe8bd80
R8 =000000003fe8be8f R9 =0000000000000376 R10=0000000000000000 R11=0000000000000000
R12=0000000000000376 R13=0000000000000001 R14=0000000000000001 R15=0000000000000001
RIP=000000003f0c06ac RFL=00000246 [---Z-P-] CPL=0 II=0 A20=1 SMM=0 HLT=0
ES =0030 0000000000000000 ffffffff 00cf9300 DPL=0 DS   [-WA]
CS =0038 0000000000000000 ffffffff 00af9a00 DPL=0 CS64 [-R-]
SS =0030 0000000000000000 ffffffff 00cf9300 DPL=0 DS   [-WA]
DS =0030 0000000000000000 ffffffff 00cf9300 DPL=0 DS   [-WA]
FS =0030 0000000000000000 ffffffff 00cf9300 DPL=0 DS   [-WA]
GS =0030 0000000000000000 ffffffff 00cf9300 DPL=0 DS   [-WA]
LDT=0000 0000000000000000 0000ffff 00008200 DPL=0 LDT
TR =0048 000000003f5db058 00000067 00008900 DPL=0 TSS64-avl
GDT=     000000003f5db000 00000057
IDT=     000000003f0be018 00000fff
CR0=80010033 CR2=0000000000000000 CR3=000000003f801000 CR4=00000668
DR0=0000000000000000 DR1=0000000000000000 DR2=0000000000000000 DR3=0000000000000000 
DR6=00000000ffff0ff0 DR7=0000000000000400
CCS=0000000000000044 CCD=0000000000000000 CCO=EFLAGS
EFER=0000000000000d00
Servicing hardware INT=0x20
   155: v=20 e=0000 i=0 cpl=0 IP=0038:000000003f0c0e55 pc=000000003f0c0e55 SP=0030:000000003fe8bdd8 env->regs[R_EAX]=0000000000000000
RAX=0000000000000000 RBX=000000003fe33ffe RCX=0000000000000000 RDX=0000000000000170
RSI=0000000000000001 RDI=000000003fe43ffc RBP=000000003fe8be30 RSP=000000003fe8bdd8
R8 =0000000000000000 R9 =0000000000000170 R10=0000000000000000 R11=0000000000000005
R12=0000000000000170 R13=0000000000007fff R14=0000000000000002 R15=0000000000000001
RIP=000000003f0c0e55 RFL=00000246 [---Z-P-] CPL=0 II=0 A20=1 SMM=0 HLT=0
ES =0030 0000000000000000 ffffffff 00cf9300 DPL=0 DS   [-WA]
CS =0038 0000000000000000 ffffffff 00af9a00 DPL=0 CS64 [-R-]
SS =0030 0000000000000000 ffffffff 00cf9300 DPL=0 DS   [-WA]
DS =0030 0000000000000000 ffffffff 00cf9300 DPL=0 DS   [-WA]
FS =0030 0000000000000000 ffffffff 00cf9300 DPL=0 DS   [-WA]
GS =0030 0000000000000000 ffffffff 00cf9300 DPL=0 DS   [-WA]
LDT=0000 0000000000000000 0000ffff 00008200 DPL=0 LDT
TR =0048 000000003f5db058 00000067 00008900 DPL=0 TSS64-avl
GDT=     000000003f5db000 00000057
IDT=     000000003f0be018 00000fff
CR0=80010033 CR2=0000000000000000 CR3=000000003f801000 CR4=00000668
DR0=0000000000000000 DR1=0000000000000000 DR2=0000000000000000 DR3=0000000000000000 
DR6=00000000ffff0ff0 DR7=0000000000000400
CCS=0000000000000044 CCD=0000000000000000 CCO=EFLAGS
EFER=0000000000000d00
Servicing hardware INT=0x20
   156: v=20 e=0000 i=0 cpl=0 IP=0038:000000003f0c06ac pc=000000003f0c06ac SP=0030:000000003fe8bda0 env->regs[R_EAX]=0000000000000058
RAX=0000000000000058 RBX=000000003fe8beaf RCX=0000000000000000 RDX=0000000000000177
RSI=0000000000000000 RDI=0000000000000001 RBP=000000003fe8bdf0 RSP=000000003fe8bda0
R8 =000000003fe8beaf R9 =0000000000000177 R10=0000000000000000 R11=0000000000000000
R12=0000000000000177 R13=0000000000000001 R14=0000000000000001 R15=0000000000000001
RIP=000000003f0c06ac RFL=00000246 [---Z-P-] CPL=0 II=0 A20=1 SMM=0 HLT=0
ES =0030 0000000000000000 ffffffff 00cf9300 DPL=0 DS   [-WA]
CS =0038 0000000000000000 ffffffff 00af9a00 DPL=0 CS64 [-R-]
SS =0030 0000000000000000 ffffffff 00cf9300 DPL=0 DS   [-WA]
DS =0030 0000000000000000 ffffffff 00cf9300 DPL=0 DS   [-WA]
FS =0030 0000000000000000 ffffffff 00cf9300 DPL=0 DS   [-WA]
GS =0030 0000000000000000 ffffffff 00cf9300 DPL=0 DS   [-WA]
LDT=0000 0000000000000000 0000ffff 00008200 DPL=0 LDT
TR =0048 000000003f5db058 00000067 00008900 DPL=0 TSS64-avl
GDT=     000000003f5db000 00000057
IDT=     000000003f0be018 00000fff
CR0=80010033 CR2=0000000000000000 CR3=000000003f801000 CR4=00000668
DR0=0000000000000000 DR1=0000000000000000 DR2=0000000000000000 DR3=0000000000000000 
DR6=00000000ffff0ff0 DR7=0000000000000400
CCS=0000000000000044 CCD=0000000000000000 CCO=EFLAGS
EFER=0000000000000d00
Servicing hardware INT=0x20
   157: v=20 e=0000 i=0 cpl=0 IP=0038:000000003f0c0e55 pc=000000003f0c0e55 SP=0030:000000003fe8bdd8 env->regs[R_EAX]=0000000000000000
RAX=0000000000000000 RBX=000000003fe33ffe RCX=0000000000000000 RDX=0000000000000170
RSI=0000000000000001 RDI=000000003fe43ffc RBP=000000003fe8be30 RSP=000000003fe8bdd8
R8 =0000000000000000 R9 =0000000000000170 R10=0000000000000000 R11=0000000000000005
R12=0000000000000170 R13=0000000000007fff R14=0000000000000002 R15=0000000000000001
RIP=000000003f0c0e55 RFL=00000246 [---Z-P-] CPL=0 II=0 A20=1 SMM=0 HLT=0
ES =0030 0000000000000000 ffffffff 00cf9300 DPL=0 DS   [-WA]
CS =0038 0000000000000000 ffffffff 00af9a00 DPL=0 CS64 [-R-]
SS =0030 0000000000000000 ffffffff 00cf9300 DPL=0 DS   [-WA]
DS =0030 0000000000000000 ffffffff 00cf9300 DPL=0 DS   [-WA]
FS =0030 0000000000000000 ffffffff 00cf9300 DPL=0 DS   [-WA]
GS =0030 0000000000000000 ffffffff 00cf9300 DPL=0 DS   [-WA]
LDT=0000 0000000000000000 0000ffff 00008200 DPL=0 LDT
TR =0048 000000003f5db058 00000067 00008900 DPL=0 TSS64-avl
GDT=     000000003f5db000 00000057
IDT=     000000003f0be018 00000fff
CR0=80010033 CR2=0000000000000000 CR3=000000003f801000 CR4=00000668
DR0=0000000000000000 DR1=0000000000000000 DR2=0000000000000000 DR3=0000000000000000 
DR6=00000000ffff0ff0 DR7=0000000000000400
CCS=0000000000000044 CCD=0000000000000000 CCO=EFLAGS
EFER=0000000000000d00
Servicing hardware INT=0x20
   158: v=20 e=0000 i=0 cpl=0 IP=0038:000000003f0c06ac pc=000000003f0c06ac SP=0030:000000003fe8bda0 env->regs[R_EAX]=0000000000000058
RAX=0000000000000058 RBX=000000003fe8beaf RCX=0000000000000000 RDX=0000000000000177
RSI=0000000000000000 RDI=0000000000000001 RBP=000000003fe8bdf0 RSP=000000003fe8bda0
R8 =000000003fe8beaf R9 =0000000000000177 R10=0000000000000000 R11=0000000000000000
R12=0000000000000177 R13=0000000000000001 R14=0000000000000001 R15=0000000000000001
RIP=000000003f0c06ac RFL=00000246 [---Z-P-] CPL=0 II=0 A20=1 SMM=0 HLT=0
ES =0030 0000000000000000 ffffffff 00cf9300 DPL=0 DS   [-WA]
CS =0038 0000000000000000 ffffffff 00af9a00 DPL=0 CS64 [-R-]
SS =0030 0000000000000000 ffffffff 00cf9300 DPL=0 DS   [-WA]
DS =0030 0000000000000000 ffffffff 00cf9300 DPL=0 DS   [-WA]
FS =0030 0000000000000000 ffffffff 00cf9300 DPL=0 DS   [-WA]
GS =0030 0000000000000000 ffffffff 00cf9300 DPL=0 DS   [-WA]
LDT=0000 0000000000000000 0000ffff 00008200 DPL=0 LDT
TR =0048 000000003f5db058 00000067 00008900 DPL=0 TSS64-avl
GDT=     000000003f5db000 00000057
IDT=     000000003f0be018 00000fff
CR0=80010033 CR2=0000000000000000 CR3=000000003f801000 CR4=00000668
DR0=0000000000000000 DR1=0000000000000000 DR2=0000000000000000 DR3=0000000000000000 
DR6=00000000ffff0ff0 DR7=0000000000000400
CCS=0000000000000044 CCD=0000000000000000 CCO=EFLAGS
EFER=0000000000000d00
Servicing hardware INT=0x20
   159: v=20 e=0000 i=0 cpl=0 IP=0038:000000003f0c0e55 pc=000000003f0c0e55 SP=0030:000000003fe8bdd8 env->regs[R_EAX]=0000000000000000
RAX=0000000000000000 RBX=000000003fe33ffe RCX=0000000000000000 RDX=0000000000000170
RSI=0000000000000001 RDI=000000003fe43ffc RBP=000000003fe8be30 RSP=000000003fe8bdd8
R8 =0000000000000000 R9 =0000000000000170 R10=0000000000000000 R11=0000000000000005
R12=0000000000000170 R13=0000000000007fff R14=0000000000000002 R15=0000000000000001
RIP=000000003f0c0e55 RFL=00000246 [---Z-P-] CPL=0 II=0 A20=1 SMM=0 HLT=0
ES =0030 0000000000000000 ffffffff 00cf9300 DPL=0 DS   [-WA]
CS =0038 0000000000000000 ffffffff 00af9a00 DPL=0 CS64 [-R-]
SS =0030 0000000000000000 ffffffff 00cf9300 DPL=0 DS   [-WA]
DS =0030 0000000000000000 ffffffff 00cf9300 DPL=0 DS   [-WA]
FS =0030 0000000000000000 ffffffff 00cf9300 DPL=0 DS   [-WA]
GS =0030 0000000000000000 ffffffff 00cf9300 DPL=0 DS   [-WA]
LDT=0000 0000000000000000 0000ffff 00008200 DPL=0 LDT
TR =0048 000000003f5db058 00000067 00008900 DPL=0 TSS64-avl
GDT=     000000003f5db000 00000057
IDT=     000000003f0be018 00000fff
CR0=80010033 CR2=0000000000000000 CR3=000000003f801000 CR4=00000668
DR0=0000000000000000 DR1=0000000000000000 DR2=0000000000000000 DR3=0000000000000000 
DR6=00000000ffff0ff0 DR7=0000000000000400
CCS=0000000000000044 CCD=0000000000000000 CCO=EFLAGS
EFER=0000000000000d00
Servicing hardware INT=0x20
   160: v=20 e=0000 i=0 cpl=0 IP=0038:000000003f0c0e55 pc=000000003f0c0e55 SP=0030:000000003fe8bdd8 env->regs[R_EAX]=0000000000000000
RAX=0000000000000000 RBX=000000003fe24000 RCX=0000000000000000 RDX=0000000000000170
RSI=0000000000000001 RDI=000000003fe33ffe RBP=000000003fe8be30 RSP=000000003fe8bdd8
R8 =0000000000000000 R9 =0000000000000170 R10=0000000000000000 R11=0000000000000005
R12=0000000000000170 R13=0000000000007fff R14=0000000000000002 R15=0000000000000001
RIP=000000003f0c0e55 RFL=00000246 [---Z-P-] CPL=0 II=0 A20=1 SMM=0 HLT=0
ES =0030 0000000000000000 ffffffff 00cf9300 DPL=0 DS   [-WA]
CS =0038 0000000000000000 ffffffff 00af9a00 DPL=0 CS64 [-R-]
SS =0030 0000000000000000 ffffffff 00cf9300 DPL=0 DS   [-WA]
DS =0030 0000000000000000 ffffffff 00cf9300 DPL=0 DS   [-WA]
FS =0030 0000000000000000 ffffffff 00cf9300 DPL=0 DS   [-WA]
GS =0030 0000000000000000 ffffffff 00cf9300 DPL=0 DS   [-WA]
LDT=0000 0000000000000000 0000ffff 00008200 DPL=0 LDT
TR =0048 000000003f5db058 00000067 00008900 DPL=0 TSS64-avl
GDT=     000000003f5db000 00000057
IDT=     000000003f0be018 00000fff
CR0=80010033 CR2=0000000000000000 CR3=000000003f801000 CR4=00000668
DR0=0000000000000000 DR1=0000000000000000 DR2=0000000000000000 DR3=0000000000000000 
DR6=00000000ffff0ff0 DR7=0000000000000400
CCS=0000000000000044 CCD=0000000000000000 CCO=EFLAGS
EFER=0000000000000d00
Servicing hardware INT=0x20
   161: v=20 e=0000 i=0 cpl=0 IP=0038:000000003f0c0e55 pc=000000003f0c0e55 SP=0030:000000003fe8bdd8 env->regs[R_EAX]=0000000000000000
RAX=0000000000000000 RBX=000000003fe24000 RCX=0000000000000000 RDX=0000000000000170
RSI=0000000000000001 RDI=000000003fe33ffe RBP=000000003fe8be30 RSP=000000003fe8bdd8
R8 =0000000000000000 R9 =0000000000000170 R10=0000000000000000 R11=0000000000000005
R12=0000000000000170 R13=0000000000007fff R14=0000000000000002 R15=0000000000000001
RIP=000000003f0c0e55 RFL=00000246 [---Z-P-] CPL=0 II=0 A20=1 SMM=0 HLT=0
ES =0030 0000000000000000 ffffffff 00cf9300 DPL=0 DS   [-WA]
CS =0038 0000000000000000 ffffffff 00af9a00 DPL=0 CS64 [-R-]
SS =0030 0000000000000000 ffffffff 00cf9300 DPL=0 DS   [-WA]
DS =0030 0000000000000000 ffffffff 00cf9300 DPL=0 DS   [-WA]
FS =0030 0000000000000000 ffffffff 00cf9300 DPL=0 DS   [-WA]
GS =0030 0000000000000000 ffffffff 00cf9300 DPL=0 DS   [-WA]
LDT=0000 0000000000000000 0000ffff 00008200 DPL=0 LDT
TR =0048 000000003f5db058 00000067 00008900 DPL=0 TSS64-avl
GDT=     000000003f5db000 00000057
IDT=     000000003f0be018 00000fff
CR0=80010033 CR2=0000000000000000 CR3=000000003f801000 CR4=00000668
DR0=0000000000000000 DR1=0000000000000000 DR2=0000000000000000 DR3=0000000000000000 
DR6=00000000ffff0ff0 DR7=0000000000000400
CCS=0000000000000044 CCD=0000000000000000 CCO=EFLAGS
EFER=0000000000000d00
Servicing hardware INT=0x20
   162: v=20 e=0000 i=0 cpl=0 IP=0038:000000003f0c0e55 pc=000000003f0c0e55 SP=0030:000000003fe8bdd8 env->regs[R_EAX]=0000000000000000
RAX=0000000000000000 RBX=000000003fe24000 RCX=0000000000000000 RDX=0000000000000170
RSI=0000000000000001 RDI=000000003fe33ffe RBP=000000003fe8be30 RSP=000000003fe8bdd8
R8 =0000000000000000 R9 =0000000000000170 R10=0000000000000000 R11=0000000000000005
R12=0000000000000170 R13=0000000000007fff R14=0000000000000002 R15=0000000000000001
RIP=000000003f0c0e55 RFL=00000246 [---Z-P-] CPL=0 II=0 A20=1 SMM=0 HLT=0
ES =0030 0000000000000000 ffffffff 00cf9300 DPL=0 DS   [-WA]
CS =0038 0000000000000000 ffffffff 00af9a00 DPL=0 CS64 [-R-]
SS =0030 0000000000000000 ffffffff 00cf9300 DPL=0 DS   [-WA]
DS =0030 0000000000000000 ffffffff 00cf9300 DPL=0 DS   [-WA]
FS =0030 0000000000000000 ffffffff 00cf9300 DPL=0 DS   [-WA]
GS =0030 0000000000000000 ffffffff 00cf9300 DPL=0 DS   [-WA]
LDT=0000 0000000000000000 0000ffff 00008200 DPL=0 LDT
TR =0048 000000003f5db058 00000067 00008900 DPL=0 TSS64-avl
GDT=     000000003f5db000 00000057
IDT=     000000003f0be018 00000fff
CR0=80010033 CR2=0000000000000000 CR3=000000003f801000 CR4=00000668
DR0=0000000000000000 DR1=0000000000000000 DR2=0000000000000000 DR3=0000000000000000 
DR6=00000000ffff0ff0 DR7=0000000000000400
CCS=0000000000000044 CCD=0000000000000000 CCO=EFLAGS
EFER=0000000000000d00
Servicing hardware INT=0x20
   163: v=20 e=0000 i=0 cpl=0 IP=0038:000000003f0c0e55 pc=000000003f0c0e55 SP=0030:000000003fe8bdd8 env->regs[R_EAX]=0000000000000000
RAX=0000000000000000 RBX=000000003fe24000 RCX=0000000000000000 RDX=0000000000000170
RSI=0000000000000001 RDI=000000003fe33ffe RBP=000000003fe8be30 RSP=000000003fe8bdd8
R8 =0000000000000000 R9 =0000000000000170 R10=0000000000000000 R11=0000000000000005
R12=0000000000000170 R13=0000000000007fff R14=0000000000000002 R15=0000000000000001
RIP=000000003f0c0e55 RFL=00000246 [---Z-P-] CPL=0 II=0 A20=1 SMM=0 HLT=0
ES =0030 0000000000000000 ffffffff 00cf9300 DPL=0 DS   [-WA]
CS =0038 0000000000000000 ffffffff 00af9a00 DPL=0 CS64 [-R-]
SS =0030 0000000000000000 ffffffff 00cf9300 DPL=0 DS   [-WA]
DS =0030 0000000000000000 ffffffff 00cf9300 DPL=0 DS   [-WA]
FS =0030 0000000000000000 ffffffff 00cf9300 DPL=0 DS   [-WA]
GS =0030 0000000000000000 ffffffff 00cf9300 DPL=0 DS   [-WA]
LDT=0000 0000000000000000 0000ffff 00008200 DPL=0 LDT
TR =0048 000000003f5db058 00000067 00008900 DPL=0 TSS64-avl
GDT=     000000003f5db000 00000057
IDT=     000000003f0be018 00000fff
CR0=80010033 CR2=0000000000000000 CR3=000000003f801000 CR4=00000668
DR0=0000000000000000 DR1=0000000000000000 DR2=0000000000000000 DR3=0000000000000000 
DR6=00000000ffff0ff0 DR7=0000000000000400
CCS=0000000000000044 CCD=0000000000000000 CCO=EFLAGS
EFER=0000000000000d00
Servicing hardware INT=0x20
   164: v=20 e=0000 i=0 cpl=0 IP=0038:000000003e88ed47 pc=000000003e88ed47 SP=0030:000000003fe8be60 env->regs[R_EAX]=000000000000012f
RAX=000000000000012f RBX=0000000000000064 RCX=000000000000b008 RDX=0000000000acd809
RSI=0000000000acd938 RDI=000000003e783b68 RBP=000000003fe8be90 RSP=000000003fe8be60
R8 =000000003fe8be8f R9 =000000000000b008 R10=0000000000000000 R11=0000000000000000
R12=000000003fe24000 R13=000000003fe8c1d8 R14=0000000000000001 R15=0000000000000001
RIP=000000003e88ed47 RFL=00000202 [-------] CPL=0 II=0 A20=1 SMM=0 HLT=0
ES =0030 0000000000000000 ffffffff 00cf9300 DPL=0 DS   [-WA]
CS =0038 0000000000000000 ffffffff 00af9a00 DPL=0 CS64 [-R-]
SS =0030 0000000000000000 ffffffff 00cf9300 DPL=0 DS   [-WA]
DS =0030 0000000000000000 ffffffff 00cf9300 DPL=0 DS   [-WA]
FS =0030 0000000000000000 ffffffff 00cf9300 DPL=0 DS   [-WA]
GS =0030 0000000000000000 ffffffff 00cf9300 DPL=0 DS   [-WA]
LDT=0000 0000000000000000 0000ffff 00008200 DPL=0 LDT
TR =0048 000000003f5db058 00000067 00008900 DPL=0 TSS64-avl
GDT=     000000003f5db000 00000057
IDT=     000000003f0be018 00000fff
CR0=80010033 CR2=0000000000000000 CR3=000000003f801000 CR4=00000668
DR0=0000000000000000 DR1=0000000000000000 DR2=0000000000000000 DR3=0000000000000000 
DR6=00000000ffff0ff0 DR7=0000000000000400
CCS=0000000000000000 CCD=000000000000012f CCO=EFLAGS
EFER=0000000000000d00
Servicing hardware INT=0x20
   165: v=20 e=0000 i=0 cpl=0 IP=0038:000000003e88ed47 pc=000000003e88ed47 SP=0030:000000003fe8bfb0 env->regs[R_EAX]=000000000000001c
RAX=000000000000001c RBX=000000000000000a RCX=000000000000b008 RDX=0000000000ad63ab
RSI=0000000000ad63c7 RDI=000000003e7f6028 RBP=000000003fe8bfe0 RSP=000000003fe8bfb0
R8 =000000003fe8c08c R9 =000000000000b008 R10=0000000000000000 R11=0000000000000001
R12=0000000000000003 R13=000000003fe8c08c R14=000000003e783b68 R15=00000000ffffff00
RIP=000000003e88ed47 RFL=00000202 [-------] CPL=0 II=0 A20=1 SMM=0 HLT=0
ES =0030 0000000000000000 ffffffff 00cf9300 DPL=0 DS   [-WA]
CS =0038 0000000000000000 ffffffff 00af9a00 DPL=0 CS64 [-R-]
SS =0030 0000000000000000 ffffffff 00cf9300 DPL=0 DS   [-WA]
DS =0030 0000000000000000 ffffffff 00cf9300 DPL=0 DS   [-WA]
FS =0030 0000000000000000 ffffffff 00cf9300 DPL=0 DS   [-WA]
GS =0030 0000000000000000 ffffffff 00cf9300 DPL=0 DS   [-WA]
LDT=0000 0000000000000000 0000ffff 00008200 DPL=0 LDT
TR =0048 000000003f5db058 00000067 00008900 DPL=0 TSS64-avl
GDT=     000000003f5db000 00000057
IDT=     000000003f0be018 00000fff
CR0=80010033 CR2=0000000000000000 CR3=000000003f801000 CR4=00000668
DR0=0000000000000000 DR1=0000000000000000 DR2=0000000000000000 DR3=0000000000000000 
DR6=00000000ffff0ff0 DR7=0000000000000400
CCS=0000000000000000 CCD=000000000000001c CCO=EFLAGS
EFER=0000000000000d00
Servicing hardware INT=0x20
   166: v=20 e=0000 i=0 cpl=0 IP=0038:000000003f0c06ac pc=000000003f0c06ac SP=0030:000000003fe8bda0 env->regs[R_EAX]=0000000000000058
RAX=0000000000000058 RBX=000000003fe8beaf RCX=0000000000000000 RDX=0000000000000177
RSI=0000000000000000 RDI=0000000000000001 RBP=000000003fe8bdf0 RSP=000000003fe8bda0
R8 =000000003fe8beaf R9 =0000000000000177 R10=0000000000000000 R11=0000000000000000
R12=0000000000000177 R13=0000000000000001 R14=0000000000000001 R15=0000000000000001
RIP=000000003f0c06ac RFL=00000246 [---Z-P-] CPL=0 II=0 A20=1 SMM=0 HLT=0
ES =0030 0000000000000000 ffffffff 00cf9300 DPL=0 DS   [-WA]
CS =0038 0000000000000000 ffffffff 00af9a00 DPL=0 CS64 [-R-]
SS =0030 0000000000000000 ffffffff 00cf9300 DPL=0 DS   [-WA]
DS =0030 0000000000000000 ffffffff 00cf9300 DPL=0 DS   [-WA]
FS =0030 0000000000000000 ffffffff 00cf9300 DPL=0 DS   [-WA]
GS =0030 0000000000000000 ffffffff 00cf9300 DPL=0 DS   [-WA]
LDT=0000 0000000000000000 0000ffff 00008200 DPL=0 LDT
TR =0048 000000003f5db058 00000067 00008900 DPL=0 TSS64-avl
GDT=     000000003f5db000 00000057
IDT=     000000003f0be018 00000fff
CR0=80010033 CR2=0000000000000000 CR3=000000003f801000 CR4=00000668
DR0=0000000000000000 DR1=0000000000000000 DR2=0000000000000000 DR3=0000000000000000 
DR6=00000000ffff0ff0 DR7=0000000000000400
CCS=0000000000000044 CCD=0000000000000000 CCO=EFLAGS
EFER=0000000000000d00
Servicing hardware INT=0x20
   167: v=20 e=0000 i=0 cpl=0 IP=0038:000000003f0c0e55 pc=000000003f0c0e55 SP=0030:000000003fe8bdd8 env->regs[R_EAX]=0000000000000000
RAX=0000000000000000 RBX=000000003fe33ffe RCX=0000000000000000 RDX=0000000000000170
RSI=0000000000000001 RDI=000000003fe43ffc RBP=000000003fe8be30 RSP=000000003fe8bdd8
R8 =0000000000000000 R9 =0000000000000170 R10=0000000000000000 R11=0000000000000005
R12=0000000000000170 R13=0000000000007fff R14=0000000000000002 R15=0000000000000001
RIP=000000003f0c0e55 RFL=00000246 [---Z-P-] CPL=0 II=0 A20=1 SMM=0 HLT=0
ES =0030 0000000000000000 ffffffff 00cf9300 DPL=0 DS   [-WA]
CS =0038 0000000000000000 ffffffff 00af9a00 DPL=0 CS64 [-R-]
SS =0030 0000000000000000 ffffffff 00cf9300 DPL=0 DS   [-WA]
DS =0030 0000000000000000 ffffffff 00cf9300 DPL=0 DS   [-WA]
FS =0030 0000000000000000 ffffffff 00cf9300 DPL=0 DS   [-WA]
GS =0030 0000000000000000 ffffffff 00cf9300 DPL=0 DS   [-WA]
LDT=0000 0000000000000000 0000ffff 00008200 DPL=0 LDT
TR =0048 000000003f5db058 00000067 00008900 DPL=0 TSS64-avl
GDT=     000000003f5db000 00000057
IDT=     000000003f0be018 00000fff
CR0=80010033 CR2=0000000000000000 CR3=000000003f801000 CR4=00000668
DR0=0000000000000000 DR1=0000000000000000 DR2=0000000000000000 DR3=0000000000000000 
DR6=00000000ffff0ff0 DR7=0000000000000400
CCS=0000000000000044 CCD=0000000000000000 CCO=EFLAGS
EFER=0000000000000d00
Servicing hardware INT=0x20
   168: v=20 e=0000 i=0 cpl=0 IP=0038:000000003f0c06ac pc=000000003f0c06ac SP=0030:000000003fe8bda0 env->regs[R_EAX]=0000000000000058
RAX=0000000000000058 RBX=000000003fe8beaf RCX=0000000000000000 RDX=0000000000000177
RSI=0000000000000000 RDI=0000000000000001 RBP=000000003fe8bdf0 RSP=000000003fe8bda0
R8 =000000003fe8beaf R9 =0000000000000177 R10=0000000000000000 R11=0000000000000000
R12=0000000000000177 R13=0000000000000001 R14=0000000000000001 R15=0000000000000001
RIP=000000003f0c06ac RFL=00000246 [---Z-P-] CPL=0 II=0 A20=1 SMM=0 HLT=0
ES =0030 0000000000000000 ffffffff 00cf9300 DPL=0 DS   [-WA]
CS =0038 0000000000000000 ffffffff 00af9a00 DPL=0 CS64 [-R-]
SS =0030 0000000000000000 ffffffff 00cf9300 DPL=0 DS   [-WA]
DS =0030 0000000000000000 ffffffff 00cf9300 DPL=0 DS   [-WA]
FS =0030 0000000000000000 ffffffff 00cf9300 DPL=0 DS   [-WA]
GS =0030 0000000000000000 ffffffff 00cf9300 DPL=0 DS   [-WA]
LDT=0000 0000000000000000 0000ffff 00008200 DPL=0 LDT
TR =0048 000000003f5db058 00000067 00008900 DPL=0 TSS64-avl
GDT=     000000003f5db000 00000057
IDT=     000000003f0be018 00000fff
CR0=80010033 CR2=0000000000000000 CR3=000000003f801000 CR4=00000668
DR0=0000000000000000 DR1=0000000000000000 DR2=0000000000000000 DR3=0000000000000000 
DR6=00000000ffff0ff0 DR7=0000000000000400
CCS=0000000000000044 CCD=0000000000000000 CCO=EFLAGS
EFER=0000000000000d00
Servicing hardware INT=0x20
   169: v=20 e=0000 i=0 cpl=0 IP=0038:000000003f0c06ac pc=000000003f0c06ac SP=0030:000000003fe8bda0 env->regs[R_EAX]=0000000000000058
RAX=0000000000000058 RBX=000000003fe8beaf RCX=0000000000000000 RDX=0000000000000177
RSI=0000000000000000 RDI=0000000000000001 RBP=000000003fe8bdf0 RSP=000000003fe8bda0
R8 =000000003fe8beaf R9 =0000000000000177 R10=0000000000000000 R11=0000000000000000
R12=0000000000000177 R13=0000000000000001 R14=0000000000000001 R15=0000000000000001
RIP=000000003f0c06ac RFL=00000246 [---Z-P-] CPL=0 II=0 A20=1 SMM=0 HLT=0
ES =0030 0000000000000000 ffffffff 00cf9300 DPL=0 DS   [-WA]
CS =0038 0000000000000000 ffffffff 00af9a00 DPL=0 CS64 [-R-]
SS =0030 0000000000000000 ffffffff 00cf9300 DPL=0 DS   [-WA]
DS =0030 0000000000000000 ffffffff 00cf9300 DPL=0 DS   [-WA]
FS =0030 0000000000000000 ffffffff 00cf9300 DPL=0 DS   [-WA]
GS =0030 0000000000000000 ffffffff 00cf9300 DPL=0 DS   [-WA]
LDT=0000 0000000000000000 0000ffff 00008200 DPL=0 LDT
TR =0048 000000003f5db058 00000067 00008900 DPL=0 TSS64-avl
GDT=     000000003f5db000 00000057
IDT=     000000003f0be018 00000fff
CR0=80010033 CR2=0000000000000000 CR3=000000003f801000 CR4=00000668
DR0=0000000000000000 DR1=0000000000000000 DR2=0000000000000000 DR3=0000000000000000 
DR6=00000000ffff0ff0 DR7=0000000000000400
CCS=0000000000000044 CCD=0000000000000000 CCO=EFLAGS
EFER=0000000000000d00
Servicing hardware INT=0x20
   170: v=20 e=0000 i=0 cpl=0 IP=0038:000000003f0c0e55 pc=000000003f0c0e55 SP=0030:000000003fe8bdd8 env->regs[R_EAX]=0000000000000000
RAX=0000000000000000 RBX=000000003fe24000 RCX=0000000000000000 RDX=0000000000000170
RSI=0000000000000001 RDI=000000003fe33ffe RBP=000000003fe8be30 RSP=000000003fe8bdd8
R8 =0000000000000000 R9 =0000000000000170 R10=0000000000000000 R11=0000000000000005
R12=0000000000000170 R13=0000000000007fff R14=0000000000000002 R15=0000000000000001
RIP=000000003f0c0e55 RFL=00000246 [---Z-P-] CPL=0 II=0 A20=1 SMM=0 HLT=0
ES =0030 0000000000000000 ffffffff 00cf9300 DPL=0 DS   [-WA]
CS =0038 0000000000000000 ffffffff 00af9a00 DPL=0 CS64 [-R-]
SS =0030 0000000000000000 ffffffff 00cf9300 DPL=0 DS   [-WA]
DS =0030 0000000000000000 ffffffff 00cf9300 DPL=0 DS   [-WA]
FS =0030 0000000000000000 ffffffff 00cf9300 DPL=0 DS   [-WA]
GS =0030 0000000000000000 ffffffff 00cf9300 DPL=0 DS   [-WA]
LDT=0000 0000000000000000 0000ffff 00008200 DPL=0 LDT
TR =0048 000000003f5db058 00000067 00008900 DPL=0 TSS64-avl
GDT=     000000003f5db000 00000057
IDT=     000000003f0be018 00000fff
CR0=80010033 CR2=0000000000000000 CR3=000000003f801000 CR4=00000668
DR0=0000000000000000 DR1=0000000000000000 DR2=0000000000000000 DR3=0000000000000000 
DR6=00000000ffff0ff0 DR7=0000000000000400
CCS=0000000000000044 CCD=0000000000000000 CCO=EFLAGS
EFER=0000000000000d00
Servicing hardware INT=0x20
   171: v=20 e=0000 i=0 cpl=0 IP=0038:000000003f0c0e55 pc=000000003f0c0e55 SP=0030:000000003fe8bdd8 env->regs[R_EAX]=0000000000000000
RAX=0000000000000000 RBX=000000003fe24000 RCX=0000000000000000 RDX=0000000000000170
RSI=0000000000000001 RDI=000000003fe33ffe RBP=000000003fe8be30 RSP=000000003fe8bdd8
R8 =0000000000000000 R9 =0000000000000170 R10=0000000000000000 R11=0000000000000005
R12=0000000000000170 R13=0000000000007fff R14=0000000000000002 R15=0000000000000001
RIP=000000003f0c0e55 RFL=00000246 [---Z-P-] CPL=0 II=0 A20=1 SMM=0 HLT=0
ES =0030 0000000000000000 ffffffff 00cf9300 DPL=0 DS   [-WA]
CS =0038 0000000000000000 ffffffff 00af9a00 DPL=0 CS64 [-R-]
SS =0030 0000000000000000 ffffffff 00cf9300 DPL=0 DS   [-WA]
DS =0030 0000000000000000 ffffffff 00cf9300 DPL=0 DS   [-WA]
FS =0030 0000000000000000 ffffffff 00cf9300 DPL=0 DS   [-WA]
GS =0030 0000000000000000 ffffffff 00cf9300 DPL=0 DS   [-WA]
LDT=0000 0000000000000000 0000ffff 00008200 DPL=0 LDT
TR =0048 000000003f5db058 00000067 00008900 DPL=0 TSS64-avl
GDT=     000000003f5db000 00000057
IDT=     000000003f0be018 00000fff
CR0=80010033 CR2=0000000000000000 CR3=000000003f801000 CR4=00000668
DR0=0000000000000000 DR1=0000000000000000 DR2=0000000000000000 DR3=0000000000000000 
DR6=00000000ffff0ff0 DR7=0000000000000400
CCS=0000000000000044 CCD=0000000000000000 CCO=EFLAGS
EFER=0000000000000d00
Servicing hardware INT=0x20
   172: v=20 e=0000 i=0 cpl=0 IP=0038:000000003f0c0e55 pc=000000003f0c0e55 SP=0030:000000003fe8bdd8 env->regs[R_EAX]=0000000000000000
RAX=0000000000000000 RBX=000000003fe24000 RCX=0000000000000000 RDX=0000000000000170
RSI=0000000000000001 RDI=000000003fe33ffe RBP=000000003fe8be30 RSP=000000003fe8bdd8
R8 =0000000000000000 R9 =0000000000000170 R10=0000000000000000 R11=0000000000000005
R12=0000000000000170 R13=0000000000007fff R14=0000000000000002 R15=0000000000000001
RIP=000000003f0c0e55 RFL=00000246 [---Z-P-] CPL=0 II=0 A20=1 SMM=0 HLT=0
ES =0030 0000000000000000 ffffffff 00cf9300 DPL=0 DS   [-WA]
CS =0038 0000000000000000 ffffffff 00af9a00 DPL=0 CS64 [-R-]
SS =0030 0000000000000000 ffffffff 00cf9300 DPL=0 DS   [-WA]
DS =0030 0000000000000000 ffffffff 00cf9300 DPL=0 DS   [-WA]
FS =0030 0000000000000000 ffffffff 00cf9300 DPL=0 DS   [-WA]
GS =0030 0000000000000000 ffffffff 00cf9300 DPL=0 DS   [-WA]
LDT=0000 0000000000000000 0000ffff 00008200 DPL=0 LDT
TR =0048 000000003f5db058 00000067 00008900 DPL=0 TSS64-avl
GDT=     000000003f5db000 00000057
IDT=     000000003f0be018 00000fff
CR0=80010033 CR2=0000000000000000 CR3=000000003f801000 CR4=00000668
DR0=0000000000000000 DR1=0000000000000000 DR2=0000000000000000 DR3=0000000000000000 
DR6=00000000ffff0ff0 DR7=0000000000000400
CCS=0000000000000044 CCD=0000000000000000 CCO=EFLAGS
EFER=0000000000000d00
Servicing hardware INT=0x20
   173: v=20 e=0000 i=0 cpl=0 IP=0038:000000003e88ed47 pc=000000003e88ed47 SP=0030:000000003fe8be60 env->regs[R_EAX]=00000000000000b4
RAX=00000000000000b4 RBX=0000000000000064 RCX=000000000000b008 RDX=0000000000b1bdf9
RSI=0000000000b1bead RDI=000000003e783b68 RBP=000000003fe8be90 RSP=000000003fe8be60
R8 =000000003fe8be8f R9 =000000000000b008 R10=0000000000000000 R11=0000000000000000
R12=000000003fe24000 R13=000000003fe8c1d8 R14=0000000000000001 R15=0000000000000001
RIP=000000003e88ed47 RFL=00000206 [-----P-] CPL=0 II=0 A20=1 SMM=0 HLT=0
ES =0030 0000000000000000 ffffffff 00cf9300 DPL=0 DS   [-WA]
CS =0038 0000000000000000 ffffffff 00af9a00 DPL=0 CS64 [-R-]
SS =0030 0000000000000000 ffffffff 00cf9300 DPL=0 DS   [-WA]
DS =0030 0000000000000000 ffffffff 00cf9300 DPL=0 DS   [-WA]
FS =0030 0000000000000000 ffffffff 00cf9300 DPL=0 DS   [-WA]
GS =0030 0000000000000000 ffffffff 00cf9300 DPL=0 DS   [-WA]
LDT=0000 0000000000000000 0000ffff 00008200 DPL=0 LDT
TR =0048 000000003f5db058 00000067 00008900 DPL=0 TSS64-avl
GDT=     000000003f5db000 00000057
IDT=     000000003f0be018 00000fff
CR0=80010033 CR2=0000000000000000 CR3=000000003f801000 CR4=00000668
DR0=0000000000000000 DR1=0000000000000000 DR2=0000000000000000 DR3=0000000000000000 
DR6=00000000ffff0ff0 DR7=0000000000000400
CCS=0000000000000004 CCD=00000000000000b4 CCO=EFLAGS
EFER=0000000000000d00
Servicing hardware INT=0x20
   174: v=20 e=0000 i=0 cpl=0 IP=0038:000000003e88ed47 pc=000000003e88ed47 SP=0030:000000003fe8be60 env->regs[R_EAX]=000000000000009a
RAX=000000000000009a RBX=0000000000000064 RCX=000000000000b008 RDX=0000000000b2611c
RSI=0000000000b261b6 RDI=000000003e783b68 RBP=000000003fe8be90 RSP=000000003fe8be60
R8 =000000003fe8be8f R9 =000000000000b008 R10=0000000000000000 R11=0000000000000000
R12=000000003fe24000 R13=000000003fe8c1d8 R14=0000000000000001 R15=0000000000000001
RIP=000000003e88ed47 RFL=00000206 [-----P-] CPL=0 II=0 A20=1 SMM=0 HLT=0
ES =0030 0000000000000000 ffffffff 00cf9300 DPL=0 DS   [-WA]
CS =0038 0000000000000000 ffffffff 00af9a00 DPL=0 CS64 [-R-]
SS =0030 0000000000000000 ffffffff 00cf9300 DPL=0 DS   [-WA]
DS =0030 0000000000000000 ffffffff 00cf9300 DPL=0 DS   [-WA]
FS =0030 0000000000000000 ffffffff 00cf9300 DPL=0 DS   [-WA]
GS =0030 0000000000000000 ffffffff 00cf9300 DPL=0 DS   [-WA]
LDT=0000 0000000000000000 0000ffff 00008200 DPL=0 LDT
TR =0048 000000003f5db058 00000067 00008900 DPL=0 TSS64-avl
GDT=     000000003f5db000 00000057
IDT=     000000003f0be018 00000fff
CR0=80010033 CR2=0000000000000000 CR3=000000003f801000 CR4=00000668
DR0=0000000000000000 DR1=0000000000000000 DR2=0000000000000000 DR3=0000000000000000 
DR6=00000000ffff0ff0 DR7=0000000000000400
CCS=0000000000000004 CCD=000000000000009a CCO=EFLAGS
EFER=0000000000000d00
Servicing hardware INT=0x20
   175: v=20 e=0000 i=0 cpl=0 IP=0038:000000003e366eb8 pc=000000003e366eb8 SP=0030:000000003fe8c3e8 env->regs[R_EAX]=000000003a050800
RAX=000000003a050800 RBX=0000000000020000 RCX=0000000000000000 RDX=0000000000020000
RSI=000000003fe44000 RDI=000000003a070800 RBP=000000003fe8c440 RSP=000000003fe8c3e8
R8 =8000000000000007 R9 =8000000000000006 R10=0000000000000000 R11=0000000000000000
R12=0000000000444800 R13=000000003fe44000 R14=000000000065fc68 R15=0000000000020000
RIP=000000003e366eb8 RFL=00000206 [-----P-] CPL=0 II=0 A20=1 SMM=0 HLT=0
ES =0030 0000000000000000 ffffffff 00cf9300 DPL=0 DS   [-WA]
CS =0038 0000000000000000 ffffffff 00af9a00 DPL=0 CS64 [-R-]
SS =0030 0000000000000000 ffffffff 00cf9300 DPL=0 DS   [-WA]
DS =0030 0000000000000000 ffffffff 00cf9300 DPL=0 DS   [-WA]
FS =0030 0000000000000000 ffffffff 00cf9300 DPL=0 DS   [-WA]
GS =0030 0000000000000000 ffffffff 00cf9300 DPL=0 DS   [-WA]
LDT=0000 0000000000000000 0000ffff 00008200 DPL=0 LDT
TR =0048 000000003f5db058 00000067 00008900 DPL=0 TSS64-avl
GDT=     000000003f5db000 00000057
IDT=     000000003f0be018 00000fff
CR0=80010033 CR2=0000000000000000 CR3=000000003f801000 CR4=00000668
DR0=0000000000000000 DR1=0000000000000000 DR2=0000000000000000 DR3=0000000000000000 
DR6=00000000ffff0ff0 DR7=0000000000000400
CCS=0000000000000004 CCD=000000003fe24000 CCO=EFLAGS
EFER=0000000000000d00
Servicing hardware INT=0x20
   176: v=20 e=0000 i=0 cpl=0 IP=0038:000000003f0c0e55 pc=000000003f0c0e55 SP=0030:000000003fe8bdd8 env->regs[R_EAX]=0000000000000000
RAX=0000000000000000 RBX=000000003fe33ffe RCX=0000000000000000 RDX=0000000000000170
RSI=0000000000000001 RDI=000000003fe43ffc RBP=000000003fe8be30 RSP=000000003fe8bdd8
R8 =0000000000000000 R9 =0000000000000170 R10=0000000000000000 R11=0000000000000005
R12=0000000000000170 R13=0000000000007fff R14=0000000000000002 R15=0000000000000001
RIP=000000003f0c0e55 RFL=00000246 [---Z-P-] CPL=0 II=0 A20=1 SMM=0 HLT=0
ES =0030 0000000000000000 ffffffff 00cf9300 DPL=0 DS   [-WA]
CS =0038 0000000000000000 ffffffff 00af9a00 DPL=0 CS64 [-R-]
SS =0030 0000000000000000 ffffffff 00cf9300 DPL=0 DS   [-WA]
DS =0030 0000000000000000 ffffffff 00cf9300 DPL=0 DS   [-WA]
FS =0030 0000000000000000 ffffffff 00cf9300 DPL=0 DS   [-WA]
GS =0030 0000000000000000 ffffffff 00cf9300 DPL=0 DS   [-WA]
LDT=0000 0000000000000000 0000ffff 00008200 DPL=0 LDT
TR =0048 000000003f5db058 00000067 00008900 DPL=0 TSS64-avl
GDT=     000000003f5db000 00000057
IDT=     000000003f0be018 00000fff
CR0=80010033 CR2=0000000000000000 CR3=000000003f801000 CR4=00000668
DR0=0000000000000000 DR1=0000000000000000 DR2=0000000000000000 DR3=0000000000000000 
DR6=00000000ffff0ff0 DR7=0000000000000400
CCS=0000000000000044 CCD=0000000000000000 CCO=EFLAGS
EFER=0000000000000d00
Servicing hardware INT=0x20
   177: v=20 e=0000 i=0 cpl=0 IP=0038:000000003f0c06ac pc=000000003f0c06ac SP=0030:000000003fe8bd80 env->regs[R_EAX]=0000000000000058
RAX=0000000000000058 RBX=000000003fe8be8f RCX=0000000000000000 RDX=0000000000000376
RSI=0000000000000000 RDI=0000000000000001 RBP=000000003fe8bdd0 RSP=000000003fe8bd80
R8 =000000003fe8be8f R9 =0000000000000376 R10=0000000000000000 R11=0000000000000000
R12=0000000000000376 R13=0000000000000001 R14=0000000000000001 R15=0000000000000001
RIP=000000003f0c06ac RFL=00000246 [---Z-P-] CPL=0 II=0 A20=1 SMM=0 HLT=0
ES =0030 0000000000000000 ffffffff 00cf9300 DPL=0 DS   [-WA]
CS =0038 0000000000000000 ffffffff 00af9a00 DPL=0 CS64 [-R-]
SS =0030 0000000000000000 ffffffff 00cf9300 DPL=0 DS   [-WA]
DS =0030 0000000000000000 ffffffff 00cf9300 DPL=0 DS   [-WA]
FS =0030 0000000000000000 ffffffff 00cf9300 DPL=0 DS   [-WA]
GS =0030 0000000000000000 ffffffff 00cf9300 DPL=0 DS   [-WA]
LDT=0000 0000000000000000 0000ffff 00008200 DPL=0 LDT
TR =0048 000000003f5db058 00000067 00008900 DPL=0 TSS64-avl
GDT=     000000003f5db000 00000057
IDT=     000000003f0be018 00000fff
CR0=80010033 CR2=0000000000000000 CR3=000000003f801000 CR4=00000668
DR0=0000000000000000 DR1=0000000000000000 DR2=0000000000000000 DR3=0000000000000000 
DR6=00000000ffff0ff0 DR7=0000000000000400
CCS=0000000000000044 CCD=0000000000000000 CCO=EFLAGS
EFER=0000000000000d00
Servicing hardware INT=0x20
   178: v=20 e=0000 i=0 cpl=0 IP=0038:000000003f0c0e55 pc=000000003f0c0e55 SP=0030:000000003fe8bdd8 env->regs[R_EAX]=0000000000000000
RAX=0000000000000000 RBX=000000003fe33ffe RCX=0000000000000000 RDX=0000000000000170
RSI=0000000000000001 RDI=000000003fe43ffc RBP=000000003fe8be30 RSP=000000003fe8bdd8
R8 =0000000000000000 R9 =0000000000000170 R10=0000000000000000 R11=0000000000000005
R12=0000000000000170 R13=0000000000007fff R14=0000000000000002 R15=0000000000000001
RIP=000000003f0c0e55 RFL=00000246 [---Z-P-] CPL=0 II=0 A20=1 SMM=0 HLT=0
ES =0030 0000000000000000 ffffffff 00cf9300 DPL=0 DS   [-WA]
CS =0038 0000000000000000 ffffffff 00af9a00 DPL=0 CS64 [-R-]
SS =0030 0000000000000000 ffffffff 00cf9300 DPL=0 DS   [-WA]
DS =0030 0000000000000000 ffffffff 00cf9300 DPL=0 DS   [-WA]
FS =0030 0000000000000000 ffffffff 00cf9300 DPL=0 DS   [-WA]
GS =0030 0000000000000000 ffffffff 00cf9300 DPL=0 DS   [-WA]
LDT=0000 0000000000000000 0000ffff 00008200 DPL=0 LDT
TR =0048 000000003f5db058 00000067 00008900 DPL=0 TSS64-avl
GDT=     000000003f5db000 00000057
IDT=     000000003f0be018 00000fff
CR0=80010033 CR2=0000000000000000 CR3=000000003f801000 CR4=00000668
DR0=0000000000000000 DR1=0000000000000000 DR2=0000000000000000 DR3=0000000000000000 
DR6=00000000ffff0ff0 DR7=0000000000000400
CCS=0000000000000044 CCD=0000000000000000 CCO=EFLAGS
EFER=0000000000000d00
Servicing hardware INT=0x20
   179: v=20 e=0000 i=0 cpl=0 IP=0038:000000003f0c0e55 pc=000000003f0c0e55 SP=0030:000000003fe8bdd8 env->regs[R_EAX]=0000000000000000
RAX=0000000000000000 RBX=000000003fe24000 RCX=0000000000000000 RDX=0000000000000170
RSI=0000000000000001 RDI=000000003fe33ffe RBP=000000003fe8be30 RSP=000000003fe8bdd8
R8 =0000000000000000 R9 =0000000000000170 R10=0000000000000000 R11=0000000000000005
R12=0000000000000170 R13=0000000000007fff R14=0000000000000002 R15=0000000000000001
RIP=000000003f0c0e55 RFL=00000246 [---Z-P-] CPL=0 II=0 A20=1 SMM=0 HLT=0
ES =0030 0000000000000000 ffffffff 00cf9300 DPL=0 DS   [-WA]
CS =0038 0000000000000000 ffffffff 00af9a00 DPL=0 CS64 [-R-]
SS =0030 0000000000000000 ffffffff 00cf9300 DPL=0 DS   [-WA]
DS =0030 0000000000000000 ffffffff 00cf9300 DPL=0 DS   [-WA]
FS =0030 0000000000000000 ffffffff 00cf9300 DPL=0 DS   [-WA]
GS =0030 0000000000000000 ffffffff 00cf9300 DPL=0 DS   [-WA]
LDT=0000 0000000000000000 0000ffff 00008200 DPL=0 LDT
TR =0048 000000003f5db058 00000067 00008900 DPL=0 TSS64-avl
GDT=     000000003f5db000 00000057
IDT=     000000003f0be018 00000fff
CR0=80010033 CR2=0000000000000000 CR3=000000003f801000 CR4=00000668
DR0=0000000000000000 DR1=0000000000000000 DR2=0000000000000000 DR3=0000000000000000 
DR6=00000000ffff0ff0 DR7=0000000000000400
CCS=0000000000000044 CCD=0000000000000000 CCO=EFLAGS
EFER=0000000000000d00
Servicing hardware INT=0x20
   180: v=20 e=0000 i=0 cpl=0 IP=0038:000000003f0c06ac pc=000000003f0c06ac SP=0030:000000003fe8bda0 env->regs[R_EAX]=0000000000000058
RAX=0000000000000058 RBX=000000003fe8beaf RCX=0000000000000000 RDX=0000000000000177
RSI=0000000000000000 RDI=0000000000000001 RBP=000000003fe8bdf0 RSP=000000003fe8bda0
R8 =000000003fe8beaf R9 =0000000000000177 R10=0000000000000000 R11=0000000000000000
R12=0000000000000177 R13=0000000000000001 R14=0000000000000001 R15=0000000000000001
RIP=000000003f0c06ac RFL=00000246 [---Z-P-] CPL=0 II=0 A20=1 SMM=0 HLT=0
ES =0030 0000000000000000 ffffffff 00cf9300 DPL=0 DS   [-WA]
CS =0038 0000000000000000 ffffffff 00af9a00 DPL=0 CS64 [-R-]
SS =0030 0000000000000000 ffffffff 00cf9300 DPL=0 DS   [-WA]
DS =0030 0000000000000000 ffffffff 00cf9300 DPL=0 DS   [-WA]
FS =0030 0000000000000000 ffffffff 00cf9300 DPL=0 DS   [-WA]
GS =0030 0000000000000000 ffffffff 00cf9300 DPL=0 DS   [-WA]
LDT=0000 0000000000000000 0000ffff 00008200 DPL=0 LDT
TR =0048 000000003f5db058 00000067 00008900 DPL=0 TSS64-avl
GDT=     000000003f5db000 00000057
IDT=     000000003f0be018 00000fff
CR0=80010033 CR2=0000000000000000 CR3=000000003f801000 CR4=00000668
DR0=0000000000000000 DR1=0000000000000000 DR2=0000000000000000 DR3=0000000000000000 
DR6=00000000ffff0ff0 DR7=0000000000000400
CCS=0000000000000044 CCD=0000000000000000 CCO=EFLAGS
EFER=0000000000000d00
Servicing hardware INT=0x20
   181: v=20 e=0000 i=0 cpl=0 IP=0038:000000003f0c0e55 pc=000000003f0c0e55 SP=0030:000000003fe8bdd8 env->regs[R_EAX]=0000000000000000
RAX=0000000000000000 RBX=000000003fe24000 RCX=0000000000000000 RDX=0000000000000170
RSI=0000000000000001 RDI=000000003fe33ffe RBP=000000003fe8be30 RSP=000000003fe8bdd8
R8 =0000000000000000 R9 =0000000000000170 R10=0000000000000000 R11=0000000000000005
R12=0000000000000170 R13=0000000000007fff R14=0000000000000002 R15=0000000000000001
RIP=000000003f0c0e55 RFL=00000246 [---Z-P-] CPL=0 II=0 A20=1 SMM=0 HLT=0
ES =0030 0000000000000000 ffffffff 00cf9300 DPL=0 DS   [-WA]
CS =0038 0000000000000000 ffffffff 00af9a00 DPL=0 CS64 [-R-]
SS =0030 0000000000000000 ffffffff 00cf9300 DPL=0 DS   [-WA]
DS =0030 0000000000000000 ffffffff 00cf9300 DPL=0 DS   [-WA]
FS =0030 0000000000000000 ffffffff 00cf9300 DPL=0 DS   [-WA]
GS =0030 0000000000000000 ffffffff 00cf9300 DPL=0 DS   [-WA]
LDT=0000 0000000000000000 0000ffff 00008200 DPL=0 LDT
TR =0048 000000003f5db058 00000067 00008900 DPL=0 TSS64-avl
GDT=     000000003f5db000 00000057
IDT=     000000003f0be018 00000fff
CR0=80010033 CR2=0000000000000000 CR3=000000003f801000 CR4=00000668
DR0=0000000000000000 DR1=0000000000000000 DR2=0000000000000000 DR3=0000000000000000 
DR6=00000000ffff0ff0 DR7=0000000000000400
CCS=0000000000000044 CCD=0000000000000000 CCO=EFLAGS
EFER=0000000000000d00
Servicing hardware INT=0x20
   182: v=20 e=0000 i=0 cpl=0 IP=0038:000000003f0c0e55 pc=000000003f0c0e55 SP=0030:000000003fe8bdd8 env->regs[R_EAX]=0000000000000000
RAX=0000000000000000 RBX=000000003fe24000 RCX=0000000000000000 RDX=0000000000000170
RSI=0000000000000001 RDI=000000003fe33ffe RBP=000000003fe8be30 RSP=000000003fe8bdd8
R8 =0000000000000000 R9 =0000000000000170 R10=0000000000000000 R11=0000000000000005
R12=0000000000000170 R13=0000000000007fff R14=0000000000000002 R15=0000000000000001
RIP=000000003f0c0e55 RFL=00000246 [---Z-P-] CPL=0 II=0 A20=1 SMM=0 HLT=0
ES =0030 0000000000000000 ffffffff 00cf9300 DPL=0 DS   [-WA]
CS =0038 0000000000000000 ffffffff 00af9a00 DPL=0 CS64 [-R-]
SS =0030 0000000000000000 ffffffff 00cf9300 DPL=0 DS   [-WA]
DS =0030 0000000000000000 ffffffff 00cf9300 DPL=0 DS   [-WA]
FS =0030 0000000000000000 ffffffff 00cf9300 DPL=0 DS   [-WA]
GS =0030 0000000000000000 ffffffff 00cf9300 DPL=0 DS   [-WA]
LDT=0000 0000000000000000 0000ffff 00008200 DPL=0 LDT
TR =0048 000000003f5db058 00000067 00008900 DPL=0 TSS64-avl
GDT=     000000003f5db000 00000057
IDT=     000000003f0be018 00000fff
CR0=80010033 CR2=0000000000000000 CR3=000000003f801000 CR4=00000668
DR0=0000000000000000 DR1=0000000000000000 DR2=0000000000000000 DR3=0000000000000000 
DR6=00000000ffff0ff0 DR7=0000000000000400
CCS=0000000000000044 CCD=0000000000000000 CCO=EFLAGS
EFER=0000000000000d00
Servicing hardware INT=0x20
   183: v=20 e=0000 i=0 cpl=0 IP=0038:000000003f0c0e55 pc=000000003f0c0e55 SP=0030:000000003fe8bdd8 env->regs[R_EAX]=0000000000000000
RAX=0000000000000000 RBX=000000003fe24000 RCX=0000000000000000 RDX=0000000000000170
RSI=0000000000000001 RDI=000000003fe33ffe RBP=000000003fe8be30 RSP=000000003fe8bdd8
R8 =0000000000000000 R9 =0000000000000170 R10=0000000000000000 R11=0000000000000005
R12=0000000000000170 R13=0000000000007fff R14=0000000000000002 R15=0000000000000001
RIP=000000003f0c0e55 RFL=00000246 [---Z-P-] CPL=0 II=0 A20=1 SMM=0 HLT=0
ES =0030 0000000000000000 ffffffff 00cf9300 DPL=0 DS   [-WA]
CS =0038 0000000000000000 ffffffff 00af9a00 DPL=0 CS64 [-R-]
SS =0030 0000000000000000 ffffffff 00cf9300 DPL=0 DS   [-WA]
DS =0030 0000000000000000 ffffffff 00cf9300 DPL=0 DS   [-WA]
FS =0030 0000000000000000 ffffffff 00cf9300 DPL=0 DS   [-WA]
GS =0030 0000000000000000 ffffffff 00cf9300 DPL=0 DS   [-WA]
LDT=0000 0000000000000000 0000ffff 00008200 DPL=0 LDT
TR =0048 000000003f5db058 00000067 00008900 DPL=0 TSS64-avl
GDT=     000000003f5db000 00000057
IDT=     000000003f0be018 00000fff
CR0=80010033 CR2=0000000000000000 CR3=000000003f801000 CR4=00000668
DR0=0000000000000000 DR1=0000000000000000 DR2=0000000000000000 DR3=0000000000000000 
DR6=00000000ffff0ff0 DR7=0000000000000400
CCS=0000000000000044 CCD=0000000000000000 CCO=EFLAGS
EFER=0000000000000d00
Servicing hardware INT=0x20
   184: v=20 e=0000 i=0 cpl=0 IP=0038:000000003e88ed47 pc=000000003e88ed47 SP=0030:000000003fe8be60 env->regs[R_EAX]=000000000000012d
RAX=000000000000012d RBX=0000000000000064 RCX=000000000000b008 RDX=0000000000b7bbe2
RSI=0000000000b7bd0f RDI=000000003e783b68 RBP=000000003fe8be90 RSP=000000003fe8be60
R8 =000000003fe8be8f R9 =000000000000b008 R10=0000000000000000 R11=0000000000000000
R12=000000003fe24000 R13=000000003fe8c1d8 R14=0000000000000001 R15=0000000000000001
RIP=000000003e88ed47 RFL=00000206 [-----P-] CPL=0 II=0 A20=1 SMM=0 HLT=0
ES =0030 0000000000000000 ffffffff 00cf9300 DPL=0 DS   [-WA]
CS =0038 0000000000000000 ffffffff 00af9a00 DPL=0 CS64 [-R-]
SS =0030 0000000000000000 ffffffff 00cf9300 DPL=0 DS   [-WA]
DS =0030 0000000000000000 ffffffff 00cf9300 DPL=0 DS   [-WA]
FS =0030 0000000000000000 ffffffff 00cf9300 DPL=0 DS   [-WA]
GS =0030 0000000000000000 ffffffff 00cf9300 DPL=0 DS   [-WA]
LDT=0000 0000000000000000 0000ffff 00008200 DPL=0 LDT
TR =0048 000000003f5db058 00000067 00008900 DPL=0 TSS64-avl
GDT=     000000003f5db000 00000057
IDT=     000000003f0be018 00000fff
CR0=80010033 CR2=0000000000000000 CR3=000000003f801000 CR4=00000668
DR0=0000000000000000 DR1=0000000000000000 DR2=0000000000000000 DR3=0000000000000000 
DR6=00000000ffff0ff0 DR7=0000000000000400
CCS=0000000000000004 CCD=000000000000012d CCO=EFLAGS
EFER=0000000000000d00
Servicing hardware INT=0x20
   185: v=20 e=0000 i=0 cpl=0 IP=0038:000000003e88ed47 pc=000000003e88ed47 SP=0030:000000003fe8be60 env->regs[R_EAX]=000000000000001f
RAX=000000000000001f RBX=0000000000000064 RCX=000000000000b008 RDX=0000000000b853d0
RSI=0000000000b853ef RDI=000000003e783b68 RBP=000000003fe8be90 RSP=000000003fe8be60
R8 =000000003fe8be8f R9 =000000000000b008 R10=0000000000000000 R11=0000000000000000
R12=000000003fe24000 R13=000000003fe8c1d8 R14=0000000000000001 R15=0000000000000001
RIP=000000003e88ed47 RFL=00000202 [-------] CPL=0 II=0 A20=1 SMM=0 HLT=0
ES =0030 0000000000000000 ffffffff 00cf9300 DPL=0 DS   [-WA]
CS =0038 0000000000000000 ffffffff 00af9a00 DPL=0 CS64 [-R-]
SS =0030 0000000000000000 ffffffff 00cf9300 DPL=0 DS   [-WA]
DS =0030 0000000000000000 ffffffff 00cf9300 DPL=0 DS   [-WA]
FS =0030 0000000000000000 ffffffff 00cf9300 DPL=0 DS   [-WA]
GS =0030 0000000000000000 ffffffff 00cf9300 DPL=0 DS   [-WA]
LDT=0000 0000000000000000 0000ffff 00008200 DPL=0 LDT
TR =0048 000000003f5db058 00000067 00008900 DPL=0 TSS64-avl
GDT=     000000003f5db000 00000057
IDT=     000000003f0be018 00000fff
CR0=80010033 CR2=0000000000000000 CR3=000000003f801000 CR4=00000668
DR0=0000000000000000 DR1=0000000000000000 DR2=0000000000000000 DR3=0000000000000000 
DR6=00000000ffff0ff0 DR7=0000000000000400
CCS=0000000000000000 CCD=000000000000001f CCO=EFLAGS
EFER=0000000000000d00
Servicing hardware INT=0x20
   186: v=20 e=0000 i=0 cpl=0 IP=0038:000000003e88ed47 pc=000000003e88ed47 SP=0030:000000003fe8be60 env->regs[R_EAX]=000000000000003a
RAX=000000000000003a RBX=0000000000000064 RCX=000000000000b008 RDX=0000000000b8e71f
RSI=0000000000b8e759 RDI=000000003e783b68 RBP=000000003fe8be90 RSP=000000003fe8be60
R8 =000000003fe8be8f R9 =000000000000b008 R10=0000000000000000 R11=0000000000000000
R12=000000003fe24000 R13=000000003fe8c1d8 R14=0000000000000001 R15=0000000000000001
RIP=000000003e88ed47 RFL=00000206 [-----P-] CPL=0 II=0 A20=1 SMM=0 HLT=0
ES =0030 0000000000000000 ffffffff 00cf9300 DPL=0 DS   [-WA]
CS =0038 0000000000000000 ffffffff 00af9a00 DPL=0 CS64 [-R-]
SS =0030 0000000000000000 ffffffff 00cf9300 DPL=0 DS   [-WA]
DS =0030 0000000000000000 ffffffff 00cf9300 DPL=0 DS   [-WA]
FS =0030 0000000000000000 ffffffff 00cf9300 DPL=0 DS   [-WA]
GS =0030 0000000000000000 ffffffff 00cf9300 DPL=0 DS   [-WA]
LDT=0000 0000000000000000 0000ffff 00008200 DPL=0 LDT
TR =0048 000000003f5db058 00000067 00008900 DPL=0 TSS64-avl
GDT=     000000003f5db000 00000057
IDT=     000000003f0be018 00000fff
CR0=80010033 CR2=0000000000000000 CR3=000000003f801000 CR4=00000668
DR0=0000000000000000 DR1=0000000000000000 DR2=0000000000000000 DR3=0000000000000000 
DR6=00000000ffff0ff0 DR7=0000000000000400
CCS=0000000000000004 CCD=000000000000003a CCO=EFLAGS
EFER=0000000000000d00
Servicing hardware INT=0x20
   187: v=20 e=0000 i=0 cpl=0 IP=0038:000000003f0c0e55 pc=000000003f0c0e55 SP=0030:000000003fe8bdd8 env->regs[R_EAX]=0000000000000000
RAX=0000000000000000 RBX=000000003fe33ffe RCX=0000000000000000 RDX=0000000000000170
RSI=0000000000000001 RDI=000000003fe43ffc RBP=000000003fe8be30 RSP=000000003fe8bdd8
R8 =0000000000000000 R9 =0000000000000170 R10=0000000000000000 R11=0000000000000005
R12=0000000000000170 R13=0000000000007fff R14=0000000000000002 R15=0000000000000001
RIP=000000003f0c0e55 RFL=00000246 [---Z-P-] CPL=0 II=0 A20=1 SMM=0 HLT=0
ES =0030 0000000000000000 ffffffff 00cf9300 DPL=0 DS   [-WA]
CS =0038 0000000000000000 ffffffff 00af9a00 DPL=0 CS64 [-R-]
SS =0030 0000000000000000 ffffffff 00cf9300 DPL=0 DS   [-WA]
DS =0030 0000000000000000 ffffffff 00cf9300 DPL=0 DS   [-WA]
FS =0030 0000000000000000 ffffffff 00cf9300 DPL=0 DS   [-WA]
GS =0030 0000000000000000 ffffffff 00cf9300 DPL=0 DS   [-WA]
LDT=0000 0000000000000000 0000ffff 00008200 DPL=0 LDT
TR =0048 000000003f5db058 00000067 00008900 DPL=0 TSS64-avl
GDT=     000000003f5db000 00000057
IDT=     000000003f0be018 00000fff
CR0=80010033 CR2=0000000000000000 CR3=000000003f801000 CR4=00000668
DR0=0000000000000000 DR1=0000000000000000 DR2=0000000000000000 DR3=0000000000000000 
DR6=00000000ffff0ff0 DR7=0000000000000400
CCS=0000000000000044 CCD=0000000000000000 CCO=EFLAGS
EFER=0000000000000d00
Servicing hardware INT=0x20
   188: v=20 e=0000 i=0 cpl=0 IP=0038:000000003e366eb6 pc=000000003e366eb6 SP=0030:000000003fe8c3e8 env->regs[R_EAX]=000000003a1d0800
RAX=000000003a1d0800 RBX=0000000000020000 RCX=0000000000010001 RDX=0000000000020000
RSI=000000003fe33fff RDI=000000003a1e07ff RBP=000000003fe8c440 RSP=000000003fe8c3e8
R8 =8000000000000007 R9 =8000000000000006 R10=0000000000000000 R11=0000000000000000
R12=00000000005c4800 R13=000000003fe44000 R14=000000000065fc68 R15=0000000000020000
RIP=000000003e366eb6 RFL=00010206 [-----P-] CPL=0 II=0 A20=1 SMM=0 HLT=0
ES =0030 0000000000000000 ffffffff 00cf9300 DPL=0 DS   [-WA]
CS =0038 0000000000000000 ffffffff 00af9a00 DPL=0 CS64 [-R-]
SS =0030 0000000000000000 ffffffff 00cf9300 DPL=0 DS   [-WA]
DS =0030 0000000000000000 ffffffff 00cf9300 DPL=0 DS   [-WA]
FS =0030 0000000000000000 ffffffff 00cf9300 DPL=0 DS   [-WA]
GS =0030 0000000000000000 ffffffff 00cf9300 DPL=0 DS   [-WA]
LDT=0000 0000000000000000 0000ffff 00008200 DPL=0 LDT
TR =0048 000000003f5db058 00000067 00008900 DPL=0 TSS64-avl
GDT=     000000003f5db000 00000057
IDT=     000000003f0be018 00000fff
CR0=80010033 CR2=0000000000000000 CR3=000000003f801000 CR4=00000668
DR0=0000000000000000 DR1=0000000000000000 DR2=0000000000000000 DR3=0000000000000000 
DR6=00000000ffff0ff0 DR7=0000000000000400
CCS=0000000000000004 CCD=000000003fe24000 CCO=EFLAGS
EFER=0000000000000d00
Servicing hardware INT=0x20
   189: v=20 e=0000 i=0 cpl=0 IP=0038:000000003f0c0e55 pc=000000003f0c0e55 SP=0030:000000003fe8bdd8 env->regs[R_EAX]=0000000000000000
RAX=0000000000000000 RBX=000000003fe33ffe RCX=0000000000000000 RDX=0000000000000170
RSI=0000000000000001 RDI=000000003fe43ffc RBP=000000003fe8be30 RSP=000000003fe8bdd8
R8 =0000000000000000 R9 =0000000000000170 R10=0000000000000000 R11=0000000000000005
R12=0000000000000170 R13=0000000000007fff R14=0000000000000002 R15=0000000000000001
RIP=000000003f0c0e55 RFL=00000246 [---Z-P-] CPL=0 II=0 A20=1 SMM=0 HLT=0
ES =0030 0000000000000000 ffffffff 00cf9300 DPL=0 DS   [-WA]
CS =0038 0000000000000000 ffffffff 00af9a00 DPL=0 CS64 [-R-]
SS =0030 0000000000000000 ffffffff 00cf9300 DPL=0 DS   [-WA]
DS =0030 0000000000000000 ffffffff 00cf9300 DPL=0 DS   [-WA]
FS =0030 0000000000000000 ffffffff 00cf9300 DPL=0 DS   [-WA]
GS =0030 0000000000000000 ffffffff 00cf9300 DPL=0 DS   [-WA]
LDT=0000 0000000000000000 0000ffff 00008200 DPL=0 LDT
TR =0048 000000003f5db058 00000067 00008900 DPL=0 TSS64-avl
GDT=     000000003f5db000 00000057
IDT=     000000003f0be018 00000fff
CR0=80010033 CR2=0000000000000000 CR3=000000003f801000 CR4=00000668
DR0=0000000000000000 DR1=0000000000000000 DR2=0000000000000000 DR3=0000000000000000 
DR6=00000000ffff0ff0 DR7=0000000000000400
CCS=0000000000000044 CCD=0000000000000000 CCO=EFLAGS
EFER=0000000000000d00
Servicing hardware INT=0x20
   190: v=20 e=0000 i=0 cpl=0 IP=0038:000000003f0c06ac pc=000000003f0c06ac SP=0030:000000003fe8bda0 env->regs[R_EAX]=0000000000000058
RAX=0000000000000058 RBX=000000003fe8beaf RCX=0000000000000000 RDX=0000000000000177
RSI=0000000000000000 RDI=0000000000000001 RBP=000000003fe8bdf0 RSP=000000003fe8bda0
R8 =000000003fe8beaf R9 =0000000000000177 R10=0000000000000000 R11=0000000000000000
R12=0000000000000177 R13=0000000000000001 R14=0000000000000001 R15=0000000000000001
RIP=000000003f0c06ac RFL=00000246 [---Z-P-] CPL=0 II=0 A20=1 SMM=0 HLT=0
ES =0030 0000000000000000 ffffffff 00cf9300 DPL=0 DS   [-WA]
CS =0038 0000000000000000 ffffffff 00af9a00 DPL=0 CS64 [-R-]
SS =0030 0000000000000000 ffffffff 00cf9300 DPL=0 DS   [-WA]
DS =0030 0000000000000000 ffffffff 00cf9300 DPL=0 DS   [-WA]
FS =0030 0000000000000000 ffffffff 00cf9300 DPL=0 DS   [-WA]
GS =0030 0000000000000000 ffffffff 00cf9300 DPL=0 DS   [-WA]
LDT=0000 0000000000000000 0000ffff 00008200 DPL=0 LDT
TR =0048 000000003f5db058 00000067 00008900 DPL=0 TSS64-avl
GDT=     000000003f5db000 00000057
IDT=     000000003f0be018 00000fff
CR0=80010033 CR2=0000000000000000 CR3=000000003f801000 CR4=00000668
DR0=0000000000000000 DR1=0000000000000000 DR2=0000000000000000 DR3=0000000000000000 
DR6=00000000ffff0ff0 DR7=0000000000000400
CCS=0000000000000044 CCD=0000000000000000 CCO=EFLAGS
EFER=0000000000000d00
Servicing hardware INT=0x20
   191: v=20 e=0000 i=0 cpl=0 IP=0038:000000003f0c0e55 pc=000000003f0c0e55 SP=0030:000000003fe8bdd8 env->regs[R_EAX]=0000000000000000
RAX=0000000000000000 RBX=000000003fe33ffe RCX=0000000000000000 RDX=0000000000000170
RSI=0000000000000001 RDI=000000003fe43ffc RBP=000000003fe8be30 RSP=000000003fe8bdd8
R8 =0000000000000000 R9 =0000000000000170 R10=0000000000000000 R11=0000000000000005
R12=0000000000000170 R13=0000000000007fff R14=0000000000000002 R15=0000000000000001
RIP=000000003f0c0e55 RFL=00000246 [---Z-P-] CPL=0 II=0 A20=1 SMM=0 HLT=0
ES =0030 0000000000000000 ffffffff 00cf9300 DPL=0 DS   [-WA]
CS =0038 0000000000000000 ffffffff 00af9a00 DPL=0 CS64 [-R-]
SS =0030 0000000000000000 ffffffff 00cf9300 DPL=0 DS   [-WA]
DS =0030 0000000000000000 ffffffff 00cf9300 DPL=0 DS   [-WA]
FS =0030 0000000000000000 ffffffff 00cf9300 DPL=0 DS   [-WA]
GS =0030 0000000000000000 ffffffff 00cf9300 DPL=0 DS   [-WA]
LDT=0000 0000000000000000 0000ffff 00008200 DPL=0 LDT
TR =0048 000000003f5db058 00000067 00008900 DPL=0 TSS64-avl
GDT=     000000003f5db000 00000057
IDT=     000000003f0be018 00000fff
CR0=80010033 CR2=0000000000000000 CR3=000000003f801000 CR4=00000668
DR0=0000000000000000 DR1=0000000000000000 DR2=0000000000000000 DR3=0000000000000000 
DR6=00000000ffff0ff0 DR7=0000000000000400
CCS=0000000000000044 CCD=0000000000000000 CCO=EFLAGS
EFER=0000000000000d00
Servicing hardware INT=0x20
   192: v=20 e=0000 i=0 cpl=0 IP=0038:000000003f0c0e55 pc=000000003f0c0e55 SP=0030:000000003fe8bdd8 env->regs[R_EAX]=0000000000000000
RAX=0000000000000000 RBX=000000003fe24000 RCX=0000000000000000 RDX=0000000000000170
RSI=0000000000000001 RDI=000000003fe33ffe RBP=000000003fe8be30 RSP=000000003fe8bdd8
R8 =0000000000000000 R9 =0000000000000170 R10=0000000000000000 R11=0000000000000005
R12=0000000000000170 R13=0000000000007fff R14=0000000000000002 R15=0000000000000001
RIP=000000003f0c0e55 RFL=00000246 [---Z-P-] CPL=0 II=0 A20=1 SMM=0 HLT=0
ES =0030 0000000000000000 ffffffff 00cf9300 DPL=0 DS   [-WA]
CS =0038 0000000000000000 ffffffff 00af9a00 DPL=0 CS64 [-R-]
SS =0030 0000000000000000 ffffffff 00cf9300 DPL=0 DS   [-WA]
DS =0030 0000000000000000 ffffffff 00cf9300 DPL=0 DS   [-WA]
FS =0030 0000000000000000 ffffffff 00cf9300 DPL=0 DS   [-WA]
GS =0030 0000000000000000 ffffffff 00cf9300 DPL=0 DS   [-WA]
LDT=0000 0000000000000000 0000ffff 00008200 DPL=0 LDT
TR =0048 000000003f5db058 00000067 00008900 DPL=0 TSS64-avl
GDT=     000000003f5db000 00000057
IDT=     000000003f0be018 00000fff
CR0=80010033 CR2=0000000000000000 CR3=000000003f801000 CR4=00000668
DR0=0000000000000000 DR1=0000000000000000 DR2=0000000000000000 DR3=0000000000000000 
DR6=00000000ffff0ff0 DR7=0000000000000400
CCS=0000000000000044 CCD=0000000000000000 CCO=EFLAGS
EFER=0000000000000d00
Servicing hardware INT=0x20
   193: v=20 e=0000 i=0 cpl=0 IP=0038:000000003e361c3b pc=000000003e361c3b SP=0030:000000003fe8c480 env->regs[R_EAX]=0000000000160fa8
RAX=0000000000160fa8 RBX=66f8896618ec8348 RCX=0000000000000000 RDX=9572709f31764c62
RSI=0000000000000000 RDI=f6b8f4b39de7d1ae RBP=000000003fe8c600 RSP=000000003fe8c480
R8 =0000000039aab000 R9 =0000000000000000 R10=0000000039aab008 R11=0000000039aab010
R12=6a7b384944536bdc R13=f9562b2d5c95a6c8 R14=0000000000000000 R15=adc0e0531bb10d03
RIP=000000003e361c3b RFL=00000217 [----APC] CPL=0 II=0 A20=1 SMM=0 HLT=0
ES =0030 0000000000000000 ffffffff 00cf9300 DPL=0 DS   [-WA]
CS =0038 0000000000000000 ffffffff 00af9a00 DPL=0 CS64 [-R-]
SS =0030 0000000000000000 ffffffff 00cf9300 DPL=0 DS   [-WA]
DS =0030 0000000000000000 ffffffff 00cf9300 DPL=0 DS   [-WA]
FS =0030 0000000000000000 ffffffff 00cf9300 DPL=0 DS   [-WA]
GS =0030 0000000000000000 ffffffff 00cf9300 DPL=0 DS   [-WA]
LDT=0000 0000000000000000 0000ffff 00008200 DPL=0 LDT
TR =0048 000000003f5db058 00000067 00008900 DPL=0 TSS64-avl
GDT=     000000003f5db000 00000057
IDT=     000000003f0be018 00000fff
CR0=80010033 CR2=0000000000000000 CR3=000000003f801000 CR4=00000668
DR0=0000000000000000 DR1=0000000000000000 DR2=0000000000000000 DR3=0000000000000000 
DR6=00000000ffff0ff0 DR7=0000000000000400
CCS=0000000000000015 CCD=703f94b27b04b19a CCO=EFLAGS
EFER=0000000000000d00
Servicing hardware INT=0x20
   194: v=20 e=0000 i=0 cpl=0 IP=0038:000000003f0c0e55 pc=000000003f0c0e55 SP=0030:000000003fe8bd28 env->regs[R_EAX]=0000000000000000
RAX=0000000000000000 RBX=000000003fe33ffe RCX=0000000000000000 RDX=0000000000000170
RSI=0000000000000001 RDI=000000003fe43ffc RBP=000000003fe8bd80 RSP=000000003fe8bd28
R8 =0000000000000000 R9 =0000000000000170 R10=0000000000000000 R11=0000000000000005
R12=0000000000000170 R13=0000000000007fff R14=0000000000000002 R15=0000000000000001
RIP=000000003f0c0e55 RFL=00000246 [---Z-P-] CPL=0 II=0 A20=1 SMM=0 HLT=0
ES =0030 0000000000000000 ffffffff 00cf9300 DPL=0 DS   [-WA]
CS =0038 0000000000000000 ffffffff 00af9a00 DPL=0 CS64 [-R-]
SS =0030 0000000000000000 ffffffff 00cf9300 DPL=0 DS   [-WA]
DS =0030 0000000000000000 ffffffff 00cf9300 DPL=0 DS   [-WA]
FS =0030 0000000000000000 ffffffff 00cf9300 DPL=0 DS   [-WA]
GS =0030 0000000000000000 ffffffff 00cf9300 DPL=0 DS   [-WA]
LDT=0000 0000000000000000 0000ffff 00008200 DPL=0 LDT
TR =0048 000000003f5db058 00000067 00008900 DPL=0 TSS64-avl
GDT=     000000003f5db000 00000057
IDT=     000000003f0be018 00000fff
CR0=80010033 CR2=0000000000000000 CR3=000000003f801000 CR4=00000668
DR0=0000000000000000 DR1=0000000000000000 DR2=0000000000000000 DR3=0000000000000000 
DR6=00000000ffff0ff0 DR7=0000000000000400
CCS=0000000000000044 CCD=0000000000000000 CCO=EFLAGS
EFER=0000000000000d00
Servicing hardware INT=0x20
   195: v=20 e=0000 i=0 cpl=0 IP=0038:000000003e360b6e pc=000000003e360b6e SP=0030:000000003fe8c3f0 env->regs[R_EAX]=0000000000000000
RAX=0000000000000000 RBX=0000000000000001 RCX=00000000003e8000 RDX=0000000080000000
RSI=000000003e375600 RDI=000000003e3ae018 RBP=000000003fe8c430 RSP=000000003fe8c3f0
R8 =0000000000001002 R9 =0000000000000000 R10=00000000000000c3 R11=0000000000000000
R12=0000000000000000 R13=0000000000000000 R14=00000000803e8000 R15=000000003e3ae028
RIP=000000003e360b6e RFL=00000206 [-----P-] CPL=0 II=0 A20=1 SMM=0 HLT=0
ES =0030 0000000000000000 ffffffff 00cf9300 DPL=0 DS   [-WA]
CS =0038 0000000000000000 ffffffff 00af9a00 DPL=0 CS64 [-R-]
SS =0030 0000000000000000 ffffffff 00cf9300 DPL=0 DS   [-WA]
DS =0030 0000000000000000 ffffffff 00cf9300 DPL=0 DS   [-WA]
FS =0030 0000000000000000 ffffffff 00cf9300 DPL=0 DS   [-WA]
GS =0030 0000000000000000 ffffffff 00cf9300 DPL=0 DS   [-WA]
LDT=0000 0000000000000000 0000ffff 00008200 DPL=0 LDT
TR =0048 000000003f5db058 00000067 00008900 DPL=0 TSS64-avl
GDT=     000000003f5db000 00000057
IDT=     000000003f0be018 00000fff
CR0=80010033 CR2=0000000000000000 CR3=000000003f801000 CR4=00000668
DR0=0000000000000000 DR1=0000000000000000 DR2=0000000000000000 DR3=0000000000000000 
DR6=00000000ffff0ff0 DR7=0000000000000400
CCS=0000000000000004 CCD=00000000000000c3 CCO=EFLAGS
EFER=0000000000000d00
check_exception old: 0xffffffff new 0xd
   196: v=0d e=0000 i=0 cpl=3 IP=001b:0000000000401000 pc=0000000000401000 SP=0023:00007fffffff0000 env->regs[R_EAX]=0000000000000023
RAX=0000000000000023 RBX=0000000000000000 RCX=00007fffffff0000 RDX=0000000000000202
RSI=000000000000001b RDI=000000003f7ff000 RBP=0000000000000000 RSP=00007fffffff0000
R8 =0000000000401000 R9 =8000000000000007 R10=00000000000000ff R11=0000000000000000
R12=0000000000000000 R13=0000000000000000 R14=0000000000000000 R15=0000000000000000
RIP=0000000000401000 RFL=00000202 [-------] CPL=3 II=0 A20=1 SMM=0 HLT=0
ES =0000 0000000000000000 ffffffff 00cf1300
CS =001b 0000000000000000 ffffffff 00affb00 DPL=3 CS64 [-RA]
SS =0023 0000000000000000 ffffffff 00cff300 DPL=3 DS   [-WA]
DS =0000 0000000000000000 ffffffff 00cf1300
FS =0000 0000000000000000 00000000 00001300
GS =0000 0000000000000000 00000000 00001300
LDT=0000 0000000000000000 00000000 00008200 DPL=0 LDT
TR =0028 ffffffff8015c340 00000067 00008900 DPL=0 TSS64-avl
GDT=     ffffffff8015c3b0 00000037
IDT=     ffffffff80151300 00000fff
CR0=80010011 CR2=0000000000000000 CR3=000000003f7ff000 CR4=00000020
DR0=0000000000000000 DR1=0000000000000000 DR2=0000000000000000 DR3=0000000000000000 
DR6=00000000ffff0ff0 DR7=0000000000000400
CCS=0000000000000000 CCD=ffff80003bc02308 CCO=EFLAGS
EFER=0000000000000d00
